-- phpMyAdmin SQL Dump
-- version 5.0.4
-- https://www.phpmyadmin.net/
--
-- Host: 127.0.0.1
-- Generation Time: Jan 03, 2022 at 01:57 PM
-- Server version: 10.4.17-MariaDB
-- PHP Version: 7.4.13

SET SQL_MODE = "NO_AUTO_VALUE_ON_ZERO";
START TRANSACTION;
SET time_zone = "+00:00";


/*!40101 SET @OLD_CHARACTER_SET_CLIENT=@@CHARACTER_SET_CLIENT */;
/*!40101 SET @OLD_CHARACTER_SET_RESULTS=@@CHARACTER_SET_RESULTS */;
/*!40101 SET @OLD_COLLATION_CONNECTION=@@COLLATION_CONNECTION */;
/*!40101 SET NAMES utf8mb4 */;

--
-- Database: `homeseek`
--

-- --------------------------------------------------------

--
-- Table structure for table `failed_jobs`
--

CREATE TABLE `failed_jobs` (
  `id` bigint(20) UNSIGNED NOT NULL,
  `connection` text COLLATE utf8mb4_unicode_ci NOT NULL,
  `queue` text COLLATE utf8mb4_unicode_ci NOT NULL,
  `payload` longtext COLLATE utf8mb4_unicode_ci NOT NULL,
  `exception` longtext COLLATE utf8mb4_unicode_ci NOT NULL,
  `failed_at` timestamp NOT NULL DEFAULT current_timestamp()
) ENGINE=InnoDB DEFAULT CHARSET=utf8mb4 COLLATE=utf8mb4_unicode_ci;

-- --------------------------------------------------------

--
-- Table structure for table `listings`
--

CREATE TABLE `listings` (
  `id` bigint(20) UNSIGNED NOT NULL,
  `id_admin` bigint(20) UNSIGNED NOT NULL,
  `id_properti` varchar(255) COLLATE utf8mb4_unicode_ci NOT NULL,
  `nama_listing` varchar(255) COLLATE utf8mb4_unicode_ci NOT NULL,
  `jenis_listing` varchar(255) COLLATE utf8mb4_unicode_ci NOT NULL,
  `kota` varchar(255) COLLATE utf8mb4_unicode_ci NOT NULL,
  `wilayah` varchar(255) COLLATE utf8mb4_unicode_ci NOT NULL,
  `harga` bigint(20) NOT NULL,
  `desc` longtext COLLATE utf8mb4_unicode_ci NOT NULL,
  `kamar` int(11) NOT NULL,
  `kamar_mandi` int(11) NOT NULL,
  `garasi` int(11) NOT NULL,
  `luas` int(11) NOT NULL,
  `TipePenjualan` varchar(255) COLLATE utf8mb4_unicode_ci NOT NULL,
  `statusTanah` varchar(255) COLLATE utf8mb4_unicode_ci NOT NULL,
  `created_at` timestamp NULL DEFAULT NULL,
  `updated_at` timestamp NULL DEFAULT NULL
) ENGINE=InnoDB DEFAULT CHARSET=utf8mb4 COLLATE=utf8mb4_unicode_ci;

--
-- Dumping data for table `listings`
--

INSERT INTO `listings` (`id`, `id_admin`, `id_properti`, `nama_listing`, `jenis_listing`, `kota`, `wilayah`, `harga`, `desc`, `kamar`, `kamar_mandi`, `garasi`, `luas`, `TipePenjualan`, `statusTanah`, `created_at`, `updated_at`) VALUES
(458, 1, 'ID00001', 'ANA*RUMAH BARU 3.5LT UK 4.5X21  PLONK DI JELAMBAR BEBAS BANJIR', 'Rumah', ' Jakarta Barat', 'Jelambar', 2950000000, 'Rumah baru 3.5lt uk 4.5x21m plonk di jelambar bebas banjir.\nspesifikasi ukuran:\n\nBangunan :\n\n3.5LT, PLONK, 3KM\n\nSHM\n\nLEBAR JALAN 2 MOBIL\n\nBEBAS BANJIR\n\nLB 263\n\nLT 94\n\nKT. Plonk\n\nKM 3\n\n4 Lantai\n\nHarga Nego, KPR bisa dibantu\n\nINFO & SURVEY :\nANA\n085215051xxx\nFAST RESPONSE VIA WA\n\nFOLLOW MY IG @anajelambar\nFOR UPDATE LISTING DI DAERAH JELAMBAR.', 0, 3, 1, 94, 'jual', 'SHM - Sertifikat Hak Milik', '0000-00-00 00:00:00', '2021-12-24 05:35:05'),
(459, 1, 'ID00002', 'Kebayoran lama.Rumah mewah.luas.asri.murah.di bawah NJOP. Di kebayoran lama', 'Rumah', ' Jakarta Selatan', 'Kebayoran Lama', 9900000000, 'DI JUAL CEPAT !!! DI BWH NJOP\nDijual Rumah Mewah.lingkungan komp.harga Dekat NJOP.Di Kebayoran lama - tanah kusir\n\nLokasi \nAkses mudah\nJalan lebar.\nLingkungan asri \nDkt ke tol jor.tol bandara\nDkt ke pim.gandaria\n\nLuas : 508 M2/774 M2( 23,5 x 22 m )\n2 lantai\nKolam renang\nKamar tidur : 5 + 2 \nKamar mandi : 5 + 1\nGudang : 1\nGarasi. : 1 mobil\nCarport : 3 mobil\nHadap. : Utara /Barat\nRumah di huk hadap taman ,depan pos satpam,aman.\nSertifikat : Hak Milik\n\nNjop 9.5 M', 5, 5, 3, 508, 'jual', 'SHM - Sertifikat Hak Milik', '0000-00-00 00:00:00', '2021-12-24 05:35:05'),
(460, 1, 'ID00003', 'Hunian 2 Lantai Gaya Bali Lokasi Strategis 1,4 KM ke Gerbang Tol Cijago', 'Rumah', ' Depok', 'Cimanggis', 755000000, 'INFO: Untuk respon lebih cepat, bisa hubungi kami via Whatsapp\nNOTE: Simulasi Angsuran resmi hanya bisa didapatkan via info Whatsapp (BUKAN/ABAIKAN SIMULASI ANGSURAN DI WEBSITE INI)\n\nLokasi Super Strategis :\n- Di Jalan Utama (Akses Bisa 2 Mobil)\n- Lokasi hanya Berjarak 500 meter dari Jalan Raya Bogor\n- 1,4 KM ke Gerbang Tol Cijago\n- 5 KM ke Margonda Raya\n- 700 meter dari Rencana Kampus Universitas Islam International\n- Sangat Dekat ke Pusat Kota Depok\n- Dekat ke Sekolah2 Favorit, Pusat Perbelanjaan, Rumah Sakit, dll.\n\nSilahkan Hubungi Kami utk Survey Lokasi dan Penawaran Terbaik\n\ningin info lebih lanjut?\nInformasi dan Konsultasi\nHubungi via WA untuk Fast Response', 2, 2, 0, 63, 'jual', 'SHM - Sertifikat Hak Milik', '0000-00-00 00:00:00', '2021-12-24 05:35:05'),
(461, 1, 'ID00004', 'RUMAH TERBAIK DI SERPONG LENGKAP FASILITASNYA', 'Rumah', ' Tangerang', 'Gading Serpong', 1050000000, 'Tahun Baru , Rumah Baru Cantik di kawasan Gading Serpong Tangerang.\n\nBukan hanya sekedar Rumah Biasa Melain Luar Biasa Lokasi Sanget Strategis.\n\nDengan Fasilitas Kota Mandiri baru., Selangkah :\n# Mall Samerecon\n# Mall Lipo Karawaci\n# Mall AEON\n\n# RS Bethsaida\n# RS Mentari\n# Eka Hospital\n\n# Universitas Multimedia Nusantara\n# Universitas Pelita Harapan\n# Binus university\n\nDilengkapi dengan Sarana :\n# Clup House\n# Golden Plaza\n# Restaurant \n# Ruko Melbourne Street\n\nDapatkan Special Kado Di Akhir Tahun Setiap Pembelian Rumah Type Apa Saja , Akan Mendapatkan hadiah Langsung Tanpa di Undi. Satu Buah Motor PCX.\nBukan hanya itu saja ,Masih Banyak Lagi, Yuk Datang Kunjungi Rumah Cantik Strategis Dekat Ke Mall Samerecon.\n\nInfo : \n\nYANTI', 3, 2, 0, 60, 'jual', 'SHM - Sertifikat Hak Milik', '0000-00-00 00:00:00', '2021-12-24 05:35:05'),
(462, 1, 'ID00005', 'Hunian nyaman nan Asri di Laweyan Surakarta', 'Rumah', ' Solo', 'Laweyan', 1300000000, 'Rumah Dalam Kota\n\nKODE : DR /PJP Lama\n\nType : JUAL CEPAT\nType : Rumah Bagus 2 Lt Finishing\nLokasi : Jajar Kec : Laweyan Surakarta\n\nSpesifikasi : \nLuas tanah : +-115m2 \nBangunan : +-140m\nLebar Depan : +-8 m \nktidur : 3+1\nkmandi : 3\nlistrik : 1300 watt \nCarport : 2 mobil\nAir : sanyo\nStatus : SHM \nIMB: Ada \nBangunan th : 2021\nTersedia Ruang : Ruang Tamu/ Ruang Keluarga , Carpot 2 mobil , Teras , Dapur , Tempat jemur , Taman Depan belakang , Balkon Atas \nHadap : Timur\nAkses jalan : Paving Simp Mobil \nBONUS :\n Water Heater,Kitchen set & Kompor tanam\n\nKeterangan Tambahan : \n\nHunian nyaman nan Asri dengan lokasi Strategis Jantung Kota dan  di kawasan Bisnis Kota Solo Cocok sebagai Hunian maupun Untuk Investasi Prospektif hanya :\n\n100m ke Jln Adi Sucipto Solo Kota \n200m Ke  Fave Hotel Solo Kota\n2 menit ke Superindo Jajar Solo Kota \n3 menit ke Stasiun Purwosari Solo\n10 menit ke Pintu Tol Klodran\n20 menit ke Bandara Adi Sumarmo\n\nDan Masih Banyak lagi Fasilitas umum Lainnya\n\nHarga : Rp 1.3 Milyar Nego Langsung Pemilik .', 3, 3, 2, 115, 'jual', 'SHM - Sertifikat Hak Milik', '0000-00-00 00:00:00', '2021-12-24 05:35:05'),
(463, 1, 'ID00006', 'Rumah Dekat Kawasan Cibubur', 'Rumah', ' Bekasi', 'Jatisampurna', 669000000, 'Rumah Di Cluster Kenanga Residence, Perumahan Islami dengan harga terjangkau di kawasan Cibubur. \n\nLokasi perbatasan Jakarta Timur dan Dekat Trans Studio Cibubur. \n\nKEUNGGULAN :? \n? One Gate System + Pos Security\n? Akses kelokasi jalan lebar 2 mobil \n? Dekat Masjid\n? Penghuni Muslim semua\n\n\nLokasi dan akses strategis :\n? Dekat Musholla & Masjid \n? Dekat Gerbang Tol Cibubur\n? Dekat Stasiun LRT Cibubur\n? Dekat Pasar Kranggan\n? Dekat Kemana? ya', 3, 2, 1, 50, 'jual', 'SHM - Sertifikat Hak Milik', '0000-00-00 00:00:00', '2021-12-24 05:35:05'),
(464, 1, 'ID00007', 'Termewah baru kluster kolam renang kemang', 'Rumah', ' Jakarta Selatan', 'Kemang', 8700000000, 'Unit A\nMenghadap Timur dan Selatan (Hook)\n\nLt. 234 m2\nLb. 279 m2\nRumah 3,5 lantai\n\nKt. 3 + 1\nKm. 4 + 1\nCarport 2 mobil\nSwim pool\n\n1 unit saja', 3, 4, 3, 234, 'jual', 'SHM - Sertifikat Hak Milik', '0000-00-00 00:00:00', '2021-12-24 05:35:05'),
(465, 1, 'ID00008', 'Rumah Di Clusteer Vassa Residence Lippo Cikarang', 'Rumah', ' Cikarang', 'Lippo Cikarang', 4000000000, '- lokasi rumah yang strategis, Mudah dijangkau dekat dengan berbagai fasilitas di Lippo Cikarang, dan dapat dijangkau dengan akses yang mudah, melalui Exit Tol Cikarang Barat Km. 28, Exit Tol Cibatu Km. 34,7 dan Cikarang Utama Km. 37 -Area Industri yang ada di sekitarnya: Kawasan Industri Hyundai, Kawasan Industri EJIP, Kawasan Industri Delta Silicon, Kawasan Industri KITIC, Kawasan Industri Jababeka, Kawasan Industri MM2100 (Akses Pintas yang Baru dari MM2100 ke Apartemen Trivium) - Pusat Makanan yang dapat dijangkau dengan berjalan kaki seperti Citywalk Food Center, McDonald, KFC, Burger King, Starbucks Coffee, Restaurant Korea dan Jepang -Dekat dengan Megumi Golf Driving Range -Dekat dengan Shuttle bus tujuan Jakarta -Dekat dengan Sekolah dan tempat Rumah Sakit besar -Dekat dengan pusat perbelanjaan seperti Mall Lippo Cikarang, Papaya Fresh Market dan Farmers Market', 4, 3, 0, 427, 'jual', 'SHM - Sertifikat Hak Milik', '0000-00-00 00:00:00', '2021-12-24 05:35:05'),
(466, 1, 'ID00009', 'Rumah Cantik Minimalis Siap Huni di Citraland, Surabaya', 'Rumah', ' Surabaya', 'Citraland', 2650000000, 'Rumah siap huni, akses mudah, dekat jalan raya utama, bebas banjir\ndekat rumah sakit, sekolah, minimarket, dan ATM', 3, 2, 2, 150, 'jual', 'SHM - Sertifikat Hak Milik', '0000-00-00 00:00:00', '2021-12-24 05:35:05'),
(467, 1, 'ID00010', 'TWO BEDROOM VILLA UMALAS ONLY 4 MINS TO NOOK', 'Rumah', ' Badung', 'Umalas', 5000000000, 'for sale \n\nTitle : Freehold SHM \nLand area : 200 m2\nPermit : IMB\nBuilding Size : -/+ 200 m2\nBedroom : 2 \nBathroom : 2 \nLivingroom : Open\nKitchen : Full Equipped \nPowder Room : 1\nStorage : 1\nSwimming Pool : ✅\nCarport : 1 Car \nFurnishing : Full Furnished & Decorated \nElectricity : 7700 Watt\n\nFor any inquiries \n- DM \n- Email : nagakencanapropertyindonesia@gmail.com\n- WhatsApp : +6281339528xxx', 2, 2, 0, 200, 'jual', '-', '0000-00-00 00:00:00', '2021-12-24 05:35:05'),
(468, 1, 'ID00011', 'Rumah Modern luas 120 meter di Serpong', 'Rumah', ' Tangerang', 'Kelapa Dua', 2100000000, 'Dijual rumah 2 lantai di Karawaci \nDekat dengan pintu tol\nDekat dengan Sekolah\nDekat dengan Rumah sakit \nDekat dengan Area commercial\nDekat dengan Mall\nLokasi sangat strategis', 4, 3, 0, 120, 'jual', 'SHM - Sertifikat Hak Milik', '0000-00-00 00:00:00', '2021-12-24 05:35:06'),
(469, 1, 'ID00012', 'Rumah mewah harga terjangkau 3 kt 2 km lebar jln utama 8 meter (no kpr)', 'Rumah', ' Bandung', 'Bandung Kota', 450000000, 'terpasang TOREN DAN CANOPY \nJALAN UTAMA BESAR 8 METER \n\nfasilitas\nmesjid\ntaman bermain/olahraga\nlapangan sepak bola \n\n\nSfesifikasi bangunan :\nbeton bertulang besi 10 12\nbata merah press, pasir cimalaka\natap baja ringan genteng beton plat\nplafon rangka besi hollo gypsum\nlantai keramik,granit 60x60 \nkusen kayu manglid atau almunium\npintu kayu manglid\nlistrik 2200 watt\ncloset jongkok/duduk\ndak kompor\ndak toren \nair semi jet pam 35 mtr\n\nraw jalan utama 8 meter\nlegalitas AJB IMB + SHM\nbebas banjir\nlokasi ramai/strategis\n15 mnt tol kopo\n15 mnt tol soroja\n10 mnt cibaduyut \ndekat fasiltas', 3, 2, 1, 120, 'jual', 'SHM - Sertifikat Hak Milik', '0000-00-00 00:00:00', '2021-12-24 05:35:06'),
(470, 1, 'ID00013', 'Rumah Asri di Rawamangun', 'Rumah', ' Jakarta Timur', 'Rawamangun', 11000000000, 'dijual cepat,\nLetak rumah sangat strategis dan dekat dengan fasilitas-fasilitas penunjang. Persis disamping Golf Rawamangun, 10 menit jalan kaki ke Kantor Pusat Bea dan Cukai. Akses mudah jalan Tol Dekat dengan pintu masuk Tol Rawamangun. Akses mudah ke pasar dan mini market Lokasi dekat dengan pasar tradisional seperti Sunan Giri, dan mini market modern seperti Indomaret dan Alfamart. Dekat dengan sarana pendidikan Dari lokasi rumah akses menuju sekolah sangat mudah. Tempat kursus keahlian juga mudah di capai. \nInfo lengkap hub.Widi 082141562xxx', 6, 6, 0, 405, 'jual', 'SHM - Sertifikat Hak Milik', '0000-00-00 00:00:00', '2021-12-24 05:35:06'),
(471, 1, 'ID00014', 'Dkt Sts KRL dan Exit Tol BSD, BRAZILLIAN Delatinos BSD Bisa KPR', 'Rumah', ' Tangerang', 'BSD Delatinos', 1750000000, 'WTS / Dijual Rumah \nBrazillian - de Latinos\nLT. 105m2 (7x15)\nLB 89m2 ( plus renovasi jemuran diatas dan kamar pembantu dibawah)\n3 Kamar Tidur + 1 Pembantu\n2 Kamar\nSertifikat SHM\nSemi Furnished\nHarga 1.75M nego\n\nHub :\nD I K A\nHousing Property\nwa.me/+62813 1505 5xxx\nSell-Buy-Rent-Invest', 3, 2, 1, 105, 'jual', 'SHM - Sertifikat Hak Milik', '0000-00-00 00:00:00', '2021-12-24 05:35:06'),
(472, 1, 'ID00015', 'Rumah Sultan di Gading Serpong', 'Rumah', ' Tangerang', 'BSD', 2100000000, 'Dijual rumah 2 lantai di Karawaci \nDekat dengan pintu tol\nDekat dengan Sekolah\nDekat dengan Rumah sakit \nDekat dengan Area commercial\nDekat dengan Mall\nLokasi sangat strategis', 4, 3, 0, 120, 'jual', 'SHM - Sertifikat Hak Milik', '0000-00-00 00:00:00', '2021-12-24 05:35:06'),
(473, 1, 'ID00016', 'Cluster idaman keluarga harmonis dekat sarana pendidikan dan akses tol sawangan Depok', 'Rumah', ' Depok', 'Sawangan', 235000000, '*PURNAMA RESIDENCE 4*\n\nLOKASI : Jl. Sulaiman bedahan sawangan kota Depok\n\nDikelilingi fasilitas umum\n\nDiantaranya :\n-Dekat akses tol\n-Dekat jalan utama\n-15menit Stasiun Depok Baru\n-10menit Stasiun Citayam\n-15menit Terminal utama kota Depok\n-3menit SPBU Pertamina\n-ATM,Alfamart,Indomart dll\n- Taman Bermain Anak dan Keluarga\n- 4menit Waterpark Pasir Putih\n-3menit Sekolah Islami (SDIT,SMPIT Al Hikmah)\n- Sekolah Umum ( SDN,SMPN,SMAN,PSKD)\n- 15 menit Pemerintah Kota Depok\n- 15menit Polres Depok\n-15menit ITC Depok/Pasar Swalayan/Pasar Tradisional\n\nBebas Polusi, Udara Segar,\nBEBAS BANJIR\n\n- Torn Air\n- Listrik 1300watt\n- sumur bor\n- mesin jetpump new\n- shower\n- Taman\n\nSPESIFIKASI BANGUNAN\nPondasi : Batu kali\nDinding : Hebel , plester , aci\nAtap : Genteng morando\nRangka atap : Baja ringan , reng\nPintu utama : Pintu panel\nPintu lain/kamar : Multiplex finising plistur\nPintu KM/WC : PVC pabrikasi\nJendela : Kaca bening / riben\nPlafond : Rangka hollow , gypsum\nSanitair : Closed jongkok/duduk , kran\nListrik : 1300 watt\nAir : Sumur bor , jetpump , torn\nLantai : Granit 60x60\nCarport : Rebbat beton\n\nBuruan survei dan booking langsung sebelum kehabisan', 2, 1, 1, 50, 'jual', 'SHM - Sertifikat Hak Milik', '0000-00-00 00:00:00', '2021-12-24 05:35:06'),
(474, 1, 'ID00017', 'Rumah Murah Taman Solo Cemput Tengah dekat tol,busway,rs.islam dan sekolah', 'Rumah', ' Jakarta Pusat', 'Menteng', 1760000000, 'Di jual\nRumah Paling Murah di\nCempaka putih\nJakarta pusat\n\nRumah 2 lantai\nDgn akses strategis lingkungan tenang Aman dan nyaman\n\n- Harga mulai Rp 1M an\n- Legal document : SHM\n\nLuas tanah : 44 m2\nLuas bangunan : 88 m2\n\nSpesifikasi\n- 2 lantai\n- 2 kamar Mandi\n- 3 kamar tidur\n- 1 Ruang tamu\n- 1 Dapur\n- 1 Carport\n- Instalasi AC\n- Instalasi water heater\n- Listrik 2200 Watt\n- Air : Pdam + Pompa\n\nOther Speak\n- pondasi : Cakar Ayam Plat beton\n- Struktur : Beton bertulang\n- Rangka Atap : Baja Ringan\n- Genteng : Metal Multi roof\n- Dinding : Hebel ( Double dinding )\n- Lantai : Granite 60 x 60\n- Jendela : Aluminum\n- Plafon : Hollow Gypsum\n- Pintu : kayu\n- Closet : American Standard\n\nKeunggulan :\n- Bisa request rubah Tata Ruang\n- Membeli 2 unit di gabungkan jadi 1harga\n\nSpecial\n- One gate system\n- Bebas banjir\n- Kualitas material terbaik\n- Hasil pembangunan yg memuaskan\n- Akses mudah ke perkantoran , Rs , Sekolahan / kampus , Pasar /Mall , Toll , Bus way dan Stasiun\nmore info :yunita 0812.9178.0xxx', 2, 1, 1, 44, 'jual', 'SHM - Sertifikat Hak Milik', '0000-00-00 00:00:00', '2021-12-24 05:35:06'),
(475, 1, 'ID00018', 'ANA*RUMAH HOEK MURAH UK 10.5X15M 2LT JALAN 2 MOBIL DI JELAMBAR', 'Rumah', ' Jakarta Barat', 'Jelambar', 3450000000, 'Rumah hoek murah uk 10.5x15m 2lt jalan 2 mobil di jelambar UK 10.5X15m, 2LANTAI. 5+1KT, 4KM SHM CARPORT LB 314 LT 157 KT 6 KM 4 2 Lantai RUMAH HOEK JELAMBAR UK 10,5X15m JALAN 2 MOBIL BEBAS BANJIR Harga Nego, KPR bisa dibantu INFO SURVEY : ANA 085215051xxx FAST RESPONSE VIA WA FOLLOW MY IG @anajelambar FOR UPDATE LISTING DI DAERAH JELAMBAR.', 6, 4, 1, 157, 'jual', 'SHM - Sertifikat Hak Milik', '0000-00-00 00:00:00', '2021-12-24 05:35:06'),
(476, 1, 'ID00019', 'Rumah Ready Stock di Serpong', 'Rumah', ' Tangerang', 'Gading Serpong', 1500000000, 'Dijual rumah 2 lantai di Karawaci \nDekat dengan pintu tol\nDekat dengan Sekolah\nDekat dengan Rumah sakit \nDekat dengan Area commercial\nDekat dengan Mall\nLokasi sangat strategis', 2, 1, 1, 97, 'jual', 'HGB - Hak Guna Bangunan', '0000-00-00 00:00:00', '2021-12-24 05:35:06'),
(477, 1, 'ID00020', 'Rumah cluster minimalis harga ekonomis lokasi berada di pusat kota depok dekat stasiun depok lama', 'Rumah', ' Depok', 'Sukmajaya', 677000000, 'INFO: Untuk respon lebih cepat, bisa hubungi kami via Whatsapp\nNOTE: Simulasi Angsuran resmi hanya bisa didapatkan via info Whatsapp (BUKAN/ABAIKAN SIMULASI ANGSURAN DI WEBSITE INI)\n\nKeunggulan\n- 7 menit ke margonda,\n- 10 menit ke ITC depok \n- RS. Mitra keluarga,\n- 5 menit ke RS. Hermina\n- 10 menit ke Pintu Tol Margonda\n- 5 menit ke stasiun KRL depok lama ,\n- 5 menit ke stasiun KRL depok baru\n- 15 menit ke kampus UI\n- 10 menit ke margo city,\n- 5 menit ke Kolam renang Water Park GDC\n\nFasilitas :\n- Security 24 jam\n- Ruang Serba Guna\n- Taman\n- Musholla\n- Play Ground\n- Cctv\n\nStrategis? Ya Dijamin\nHarga kompetitif? Pasti\n\nAyoo segera survey dan ambil unitnya selagi masih terserdia dan berlaku promonya.\n\ninformasi dan konsultasi \nhubungi : 0877-2716-7xxx\nvia wa fast respons\n\nK-Pro\nHonest- Professional- Experienced', 2, 2, 0, 59, 'jual', 'SHM - Sertifikat Hak Milik', '0000-00-00 00:00:00', '2021-12-24 05:35:06'),
(478, 1, 'ID00021', 'Rumah mewah siap huni tapi hitung tanah..sangat MURAH..cuma 10jtan per meter', 'Rumah', ' Jakarta Selatan', 'Ulujami', 13500000000, 'FOR SALE KEBAYORAN LAMA\nRUMAH MEWAH MEDITERANIAN CLASSIC \nTURUN HARGA !! BEST PRICE\nHALAMAN LUAS DAN ASRI\nAKSES JALAN LEBAR \n\nLuas tanah 1.248 m2\nLuas bangunan 500 m2\nKamar tidur 4 + 2\nKamar mamdi 4 + 2\nDapur bersih dan kotor\nLantai full marble\nPremium sanitary dan wastafel Kohler & Grohe\nSwimming pool\nTaman belakang luas\nTeras depan dan belakang\nCctv dan room sound system\nFully furnished\nPos security\nGarasi 2 + Carport 4\nGudang\nGenset\n\nHarga Rp 13,5 M Nego\n10jt an per meter\n-------------------------------------\nMore info :\nElvin 08170201xxx\nSouthern.comfort777', 4, 4, 2, 1248, 'jual', 'SHM - Sertifikat Hak Milik', '0000-00-00 00:00:00', '2021-12-24 05:35:06'),
(479, 1, 'ID00022', 'ANA*RUMAH KONDISI BAGUS UK 4X15 DI JELAMBAR, JALAN 2 MOBIL', 'Rumah', ' Jakarta Barat', 'Jelambar', 2100000000, 'Rumah kondisi bagus uk 4x15  di jelambar, jalan 2 mobil\n\n\nUK 4X15M, 3.5LT, 2 KT, 3 KM\n\nLB 150\n\nLT 60\n\nSHM\n\nJALAN 2 MOBIL\n\nHarga Nego, KPR bisa dibantu\n\nINFO & SURVEY :\nANA\n085215051xxx\nFAST RESPONSE VIA WA\n\nFOLLOW MY IG @anajelambar\nFOR UPDATE LISTING DI DAERAH JELAMBAR', 2, 3, 1, 60, 'jual', 'SHM - Sertifikat Hak Milik', '0000-00-00 00:00:00', '2021-12-24 05:35:07'),
(480, 1, 'ID00023', 'RUMAH MODERN MINIMALIS DAN KEREN DEKAT DENGAN FASILITAS-FASILITAS TERBAIK DI KAWASAN GADING SERPONG', 'Rumah', ' Tangerang Selatan', 'Serpong', 2160000000, 'Rumah Keren Berfasilitas Lengkap.\n\nBersebelahan dengan kawasan Gading Serpong dan dekat ke kawasan Lippo Karawaci dan juga Kawasan BSD city Tangerang.\n\nLOKASI DEKAT KE SHOPPING MALL :\n. Summarecon Serpong\n. Supermall Karawaci\n. Aeon Mall Bsd\n. IKEA\n. Q Big\n. Living world\n. The Breeze\n. Mall Alam Sutera\n\nKAMPUS & SEKOLAH :\n. Universitas Pelita Harapan\n. UMN Universitas Multi Media\n. Univ Prasetyo Mulia\n. Binus university\n. Universitas Atmajaya\n. Universitas Tarumanagara\n. Matana University\n. Sekolah BPK Penabur\n. Sekolah Stella Maris\n. Sekolah Pahoa\n. Sekolah Islamic Village\n. Sekolah Al - Azhar\n. Sekolah Pelita Harapan\n. Sekolah Tarakanita\n\nRUMAH SAKIT :\n. Eka Hospital\n. Omni Hospital\n. RS. St Carolus\n. RS. Bethsaida\n. RS. Mitra Keluarga\n. RS. Mentari\n. RS. Murni Asih\n\nFASILITAS DILOKASI PERUMAHAN TERSEDIA :\n. Plaza\n. Club House\n. Swimming pool\n. Jogging Track\n. CCTV Area Cluster\n. One Gate Sistem\n\nInfo selanjutnya hubungi :\nFriska Marketing', 4, 3, 2, 120, 'jual', 'SHM - Sertifikat Hak Milik', '0000-00-00 00:00:00', '2021-12-24 05:35:07'),
(481, 1, 'ID00024', 'Rumah mewah di kawasan elite..sangat bagus karena harga di bawah pasaran', 'Rumah', ' Jakarta Selatan', 'Pondok Indah', 48000000000, 'HOT SALE ! BEST PRICE ! \n\nFOR SALE PONDOK INDAH\nRUMAH MEWAH EUROPEAN CLASSIC \nPREMIUM AREA DEKAT BUKIT GOLF\n\nLuas Tanah 740 m2\nLuas Bangunan 1200 mw\n4 Kamar Tidur\n1 Ruang Kerja (bisa menjadi kamar)\n6 Kamar Mandi\n1 Ruang Doa\n2 Kamar pembantu\n1 kamar mandi pembantu\n1 Ruang home theater\n1 Ruang Gym\nBasement muat 6-7 mobil\nCarport 3 Mobil \nSHM\nSwimming Pool\n\nHarga Rp 48 M nego\n\nMore Info :', 5, 6, 8, 740, 'jual', 'SHM - Sertifikat Hak Milik', '0000-00-00 00:00:00', '2021-12-24 05:35:07'),
(482, 1, 'ID00025', 'Harga Covid CONDO 3+1BR Private Lift Semi Furnished, Taman Anggrek', 'Apartemen', ' Jakarta Barat', 'Taman Anggrek', 3950000000, 'Dijual Apartemen Taman Anggrek Residence,Condo 3BR+1 Semi Furnished VIEW: Pool Fasilitas : -Kolam renang -Jacuzzi -Gym -Access card -Lapangan basket -Keamanan 24jam -CCTV -Minimarket,kantin,laundry,dll Apartemen Taman Angrek memiliki lokasi yang sangat strategis di jakarta barat dekat dengan: -Sekolah dan Universitas (Penabur,Untar,Trisakti,Ukrida) -Mal (Central park, Neo Soho, Taman Anggrek, Citraland) -Akses mudah Tol dalam luar Kota dan Tol Tangerang -Rumah Sakit FOR MORE INFO: 081223573xxx (CING-CING)', 3, 3, 0, 135, 'jual', '-', '0000-00-00 00:00:00', '2021-12-24 05:35:07'),
(483, 1, 'ID00026', 'Rumah Super Viral Serpong', 'Rumah', ' Tangerang', 'Gading Serpong', 1400000000, 'Hunian milenia, hunian terkeren di Serpong, akses Tol, smarthome, di lengkapi smartdoorlock, 24 Hours system\' security, Hunian asri, club\' house, sport center, jogging track, garden,', 4, 3, 0, 77, 'jual', '-', '0000-00-00 00:00:00', '2021-12-24 05:35:07'),
(484, 1, 'ID00027', 'Rumah 2 Lantai Gaya Bali Gas Alam Eksklusif Dekat Tol Cimanggis', 'Rumah', ' Depok', 'Cimanggis', 730000000, 'INFO: Untuk respon lebih cepat, bisa hubungi kami via Whatsapp \nNOTE: Simulasi Angsuran resmi hanya bisa didapatkan via info Whatsapp (BUKAN/ABAIKAN SIMULASI ANGSURAN DI WEBSITE INI) \n\nJl. Gas Alam, Cimanggis-Tapos, Kota Depok Rumah 2 Lantai EKSKLUSIF dan MEWAH dengan Penawaran Harga TERJANGKAU Dekat Ibukota DKI Jakarta \n\nAlasan LOKASI STRATEGIS: \n- Hanya 15 menit ke 3 Pintu Tol: Tol Cijago, Tol Cimanggis, dan Tol Cibubur \n- 5 menit ke SMAN 4 Depok \n- 5 menit menuju SD dan SMP \n- 10 menit ke LRT \n- 15 menit ke RS Sentra Medika Klinik 24 jam \n- 15 menit ke Pesona Square \n- 20 menit ke Stasiun Pondok Cina \n- 15 menit ke Mall Depok Town Square / Margo City / Cibubur Junction \n- Dekat dengan Mesjid Jami; banyak Musholla \n- Dikelilingi banyak Supermarket \n\nKODE: DPK-CIHERANG - 2lt\nIngin info lebih lanjut? Informasi dan Konsultasi \nHubungi : 0813-1078-2xxx (Ryan) \nvia WA untuk Fast Response \n\nParadice Property Innovative Property Trading and Consulting', 3, 2, 2, 67, 'jual', 'SHM - Sertifikat Hak Milik', '0000-00-00 00:00:00', '2021-12-24 05:35:07'),
(485, 1, 'ID00028', 'Kota Wisata Cibubur Cluster Mississippi Free DP Free KPR Free Kanopi', 'Rumah', ' Jakarta Timur', 'Raffles Hills', 1300000000, 'Let\'s Celebrate Life di Mississippi, cluster terbaru di Kota Wisata. Dengan desain modern yang mengadopsi konsep adaptasi gaya hidup baru Merupakan tempat yang sempurna untuk menikmati kehidupan yamg berkualitas bersama keluarga.\n\nMississippi \nType LB 97 LT 72 (6x12)\nKT 3\nKM 2\nDouble living room\nSpacious Courtyard\nPrivate Terrace\nPrivate Multinational area\nSanitotion Zone\nService area\n\nSurvey dan Booking Hubungi JOHN', 3, 2, 2, 72, 'jual', 'SHM - Sertifikat Hak Milik', '0000-00-00 00:00:00', '2021-12-24 05:35:07'),
(486, 1, 'ID00029', 'Hunian mewah dan murah di jakarta pusat', 'Rumah', ' Jakarta Pusat', 'Senen', 398000000, 'Soft Launching !!!\nclaster di Kalibaru Timur adalah perumahan di dalam kota menganut system\' one gate. Rumah indent serah terima kunci 12 bulan.\n\nDesign Rumah Minimalis Modern tampak mewah dan elegant.\n\nSpesifikasi rumah sebagai berikut:\nLuas tanah mulai dari 45 M2 sampai ratusan meter\nLuas bangunan 2 Lantai mulai dari 18 M2 sampai ratusan meter.\n\nkamar mandi mulai dari 2 kamar mandi sampai 4 kamar mandi.\nRuang tamu\nRuang keluarga\ndapur\nRuang cuci pakaian\nBalkon\nCarport\ntaman.\n\nSertifikat Hak Milik\n\nSpesifikasi Teknis :\nPondasi Ceker Ayam\nStruktur Beton Bertulang\nLantai Granite 60 x 60\nDinding double heble diplester diaci dan di cat\nPintu Engineering Door\nJendela Alumunium fowder coating\nPlafon Holllow gypsum\nListrik 2200 Watt\nDudukan Lampu Down light\nBalkon Kaca tempered\nClosset duduk American standard\nShower\nHexospen\nRangka atap baja ringan\nGenteng Multi roop\n\nKualitas bahan kuat dan tahan lama.\n\nUnit Terbatas !!\nSegera Kunjungi lokasinya dan Booking unitnya Sebelum Kehabisan.\n\ncara bayar :\ncash keras\ncash tahap', 2, 1, 0, 18, 'jual', 'SHM - Sertifikat Hak Milik', '0000-00-00 00:00:00', '2021-12-24 05:35:07'),
(487, 1, 'ID00030', 'Apartment Hegarmanah Lt 17', 'apartemen', 'Bandung', 'Ciumbuleuit', 3600000000, 'Apartemen Hegarmanah Residence Furnished\nKT 3\nKM 2\nLuas Unit 131m2\nView City\nLT 17\nHarga 11M', 3, 2, 0, 131, 'jual', 'HGB - Hak Guna Bangunan', '0000-00-00 00:00:00', '2021-12-29 00:41:20'),
(488, 1, 'ID00031', 'Rumah Mewah Tanah Luas Dekat Tol Andara', 'Rumah', ' Jakarta Selatan', 'Jagakarsa', 2800000000, 'For Sale :\nRumah Luas Akses 2 mobil Dekat jln utama dan Tol Brigif \n\nLokasi : Mohammad Kahfi 1\nHarga : 2.8 Milyar\n\n????Luas Tanah : 170 m2\n????Luas Bangunan : 160m2\n????Kamar Tidur 4+1\n????Kamar Mandi 4+1\n????Carport 2 mobil \n????Taman Depan\n????Taman Belakang _+ 40 m (Luas) Bisa di buat mini pool\n????Partisi,Mini bar,Kitchen set\n\nShm Imb\nKpr dibantu sampai akad \n\n*Spesifikasi* \n????Dinding Full Bata Merah ????Lantai Granit (KIA) ????Keramik Kamar Mandi (ROMAN) \n????Kusen pintu ( MERANTI MERAH SUPER) \n????Kaca Jendela (ALMUNIUM) \n????Plafond Gypsyum \n????Atap Baja Ringan \n????Genteng Keramik.\n\n*Selling point*\n????5 menit ke pintu Tol brigif\n????10 menit ke Cilandak dan Ragunan\n????15 menit ke pintu tol kukusan cijago \n????Dekat Fasilitas Rumah sakit Sibroh malisi,Rs Andika ,Rsud Jagakarsa\n????Dekat Kampus App\n????Dekat fasilitas sekolah negri ,swasta,dan Sekolah Alam', 5, 5, 0, 170, 'jual', 'SHM - Sertifikat Hak Milik', '0000-00-00 00:00:00', '2021-12-24 05:35:07'),
(489, 1, 'ID00032', 'Villa di Pusat Seminyak sangat cocok untuk investasi Holiday Villa Rental', 'Rumah', ' Badung', 'Seminyak', 32000000000, 'Memperkenalkan properti Freehold yang menakjubkan di jantung Seminyak di Bali, dekat dengan Pantai Petitenget Seminyak, dekat dengan hotel W, dekat Seminyak Square, 5 menit berjalan kaki ke pantai, 5 menit berjalan kaki ke Kudeta dan hanya 15 menit berkendara ke Canggu.\n\nVila ini dirancang untuk keluarga, dengan gaya kontemporer bergaya tradisional, berdiri di atas tanah seluas 1.100 meter persegi, lengkap dengan kolam renang.\n\nVila ini memiliki empat kamar tidur yang ditata apik, empat kamar tidur Setiap kamar tidur lengkap dengan AC, lemari pakaian, dan perabotan cantik. Kamar tidur di lantai atas memiliki balkon dan pemandangan kolam renang\nCocok untuk tempat tinggal pribadi atau dijalankan sebagai AirBnB.\n\nDetail Properti:\nLuas tanah 1.100  \nLuas bangunan 800  \nHak Milik dan Izin Mendirikan Bangunan (IMB)\nLantai 2\nKamar tidur 4 + 1\nKamar mandi 4\nRuangan lain\nDapur\nBerperabot\nKolam renang 18 x 3 m2\nAC 10 unit\nFasilitas lain:\nKebun\nLounge Luar Ruangan\nArea Pembantu\nTempat parkir\nKeamanan\nGerbang\n\nHarga: Rp 32.000.000.xxx negosiasi\nLokasi: Seminyak - Badung', 5, 4, 0, 1100, 'jual', 'SHM - Sertifikat Hak Milik', '0000-00-00 00:00:00', '2021-12-24 05:35:07'),
(490, 1, 'ID00033', 'Rumah Murah 2 Lantai di Cilangkap Jakarta Timur', 'Rumah', ' Jakarta Timur', 'Cilangkap', 850000000, 'Unit dalam mini cluster di Sepakat 3 Residence berlokasi Cilangkap, Kec Cipayung - Jakarta Timur. \n.\nType 60/70 (2 Lantai) harga 727Jtan\n. \nLokasi Strategis :\n- Dekat dari Jalan Raya (+/- 300m)\n- 15 menit ke LRT Cibubur\n- 15 menit ke TransStudio Cibubur\n- 5 KM ke Taman Mini Indonesia Indah\n- 3 Akses pintu Tol (Taman Mini, Cibubur & Bambu Apus)\n- 650 M ke Masjid Hijau Nurul Iman (kajian-kajian sunnah)\n- Banyak fasilitas pendidikan sekolah \n?? 500m ke SDIT Hidayatullah\n?? 1 KM ke Pondok Pesantren Al-Hamid (TK, SD, Madrasah)\n?? 750m ke SDN 03/04 Cilangkap\n?? 1,5 KM ke Ibnu Hajar Boarding School\n.\nTunggu apalagi, untuk Anda yg menginginkan hunian Islami di Cilangkap Jakarta Timur.\nSegera survey lokasi.', 3, 2, 1, 70, 'jual', 'SHM - Sertifikat Hak Milik', '0000-00-00 00:00:00', '2021-12-24 05:35:08'),
(491, 1, 'ID00034', 'Rumah siap Huni Harga nego Di Jagakarsa Jakarta Selatan', 'Rumah', ' Jakarta Selatan', 'Jagakarsa', 2200000000, 'Jagakarsa Jakarta Selatan\nmochamad kahfi1 \nLT 139\nLB 220\nKamar 4\nKamar mandi 4\nCarport\nGarasi\nCanopy\nTaman depan Belakang\nPompa air\nPompa pendorong\nExhause fan dlm kamar mandi\nInstalasi AC...Air panas..Tv...Tlp\n\nSHM\nIMB \nPBB\nSdh pecah\nMasing2\nHarga nego', 4, 4, 2, 139, 'jual', 'SHM - Sertifikat Hak Milik', '0000-00-00 00:00:00', '2021-12-24 05:35:08'),
(492, 1, 'ID00035', 'Rumah Siap Huni di Buahbatu, Bandung', 'Rumah', ' Bandung', 'Buah Batu', 1800000000, 'Rumah cantik siap huni di buah batu bandung, bebas banjir, akses mudah, di tengah-tengah kota bandung, dekat jalan utama dan tol buah batu \nsecurity 24 jam', 4, 2, 1, 210, 'jual', 'SHM - Sertifikat Hak Milik', '0000-00-00 00:00:00', '2021-12-24 05:35:08'),
(493, 1, 'ID00036', 'Rumah baru siap huni,bebas banjir,lokasi strategis & Mutiara Cibinong', 'Rumah', ' Bogor', 'Cibinong', 679000000, 'Mutiara Cibinong menghadirkan hunian satu lantai yang lokasinya hanya 6 menit dari Pemkab Bogor. Sejuk dan hijaunya kawasan pakansari menjadi paduan yang sangat nyaman bagi para penghuni rumah di kawasan Cibinong, ditambah dengan mudahnya akses transportasi dan ketersediaan fasilitas umum membuat aktivitas menjadi lebih mudah. - Akses mudah dan Lokasi yg strategis *Ada Jalur Angkutan Umum *Pusat Kuliner *5 menit SPBU *5 menit ke GOR Pakansari *10 menit ke Cibinong City Mall *7 menit ke Pemkab Bogor *10 menit ke RSUD Cibinong *10 menit ke LRT Bogor *10 menit ke Terminal Cibinong *10 menit ke Tol Sentul *15 menit ke Stasiun Bojong Gede - Spek Bangunan; * Pondasi cakar ayam *Dinding hable *Atap genteng beton *Rangka atap baja ringan *Struktur beton bertulang *Pintu kusen kayu meranti + daun pintu double triplek *Lantai granit *Closet duduk *Sanitasi jetpump', 3, 2, 0, 105, 'jual', 'SHM - Sertifikat Hak Milik', '0000-00-00 00:00:00', '2021-12-24 05:35:08'),
(494, 1, 'ID00037', 'Rumah Murah 2 Lantai Jagakarsa 5 Menit Tol Krukut Akses 2 Mobil', 'Rumah', ' Jakarta Selatan', 'Jagakarsa', 950000000, 'Rumah Murah 2 Lantai Jagakarsa 5 Menit Tol Krukut Akses 2 Mobil\n\n\nUdah langka banget nih rumah Akses 2 Mobil dalam Cluster One Gate di Jagakarsa Jakarta Selatan\n\n\nSpesifikasi : \nLt : 57\nLb : 60\nKT : 3\nKM : 2\nDapur\nRuang Cuci \nCarport 2 Mobil\n\nSpesikasi bangunan :\n\n- Pondasi Batu Kali & Besi SNI\n- Tembok Bata Merah\n- Kusen Jendela/pintu :, Alumunium, Kayu Kamper pintu utama,kamar triplek,\n- Sanitair : Toto/Amstad\n- Genteng : Beton Cisangkan Flat, Lantai Kamar Mandi : Kramik KM Roman, \n- Lantai : Granitile, \n- Rangka : Baja Ringan SNI.\n\nSelling Poin : \n- Rumah dgn Sirkulasi udara dan pencahayaan yg sangat baik \n- One Gate System security dan cctv 24 Jam \n- Kabel listrik PLN,Telepon,tv kabel & internet terpadu\n- Dekat Pintu Tol Krukut \n- Dekat RS Sibroh\n- Dekat Swalayan Fortuna \n- Dekat Sekolah Negeri Dan Swasta \n\nSilahkan Hubungi:\n\nNama : Iftitakhur Rohmawan\nTelp/WA : 081282641xxx', 3, 2, 0, 57, 'jual', 'SHM - Sertifikat Hak Milik', '0000-00-00 00:00:00', '2021-12-24 05:35:08'),
(495, 1, 'ID00038', 'Rumah keren 2 lantai', 'Rumah', ' Tangerang', 'Gading Serpong', 1020000000, 'Kawasan Bebas Banjir\nKawasan dekat pusat mall\nKawasan dekat pusat pendidikan\nKawasan dekat universitas\nKawasan security 24 Hours\nKawasan dekat akses Tol\nKawasan dekat pelayanan Kesehatan\nKawasan ada club\' house', 3, 2, 1, 50, 'jual', 'HGB - Hak Guna Bangunan', '0000-00-00 00:00:00', '2021-12-24 05:35:08'),
(496, 1, 'ID00039', 'RUMAH DALAM CLUSTER TERAWAT, SELANGKAH KE MET CIPETE RAYA', 'Rumah', ' Jakarta Selatan', 'Cipete', 16500000000, 'FOR SALE CILANDAK - FATMAWATI\nTROPICAL HOUSE DALAM COMPOUND\n\nLokasi strategis\nDekat ke Stasiun MRT Cipete\nLingkungan tenang, nyaman & aman\nOne gate 24 hours security system\nJalan dalam lebar\nBebas banjir\n\nLuas tanah 593 m2\nLuas bangunan 500 m2\nBangunan 2 lantai\n\nKamar tidur 6+2\nKamar mandi 5+1\nPrivate pool + Gazebo\nTaman belakang & depan\nGarasi 2 mobil\nCarport 2 mobil\n\nPosisi rumah di pojok\nHadap Timur\n\nHarga 16.5 Milyar', 6, 5, 2, 593, 'jual', 'SHM - Sertifikat Hak Milik', '0000-00-00 00:00:00', '2021-12-24 05:35:08'),
(497, 1, 'ID00040', 'Rumah full bata merah unit pojokan', 'Rumah', ' Jakarta Selatan', 'Jagakarsa', 1550000000, 'Rumah Dalem cluster unit pojokan\nLuas tanah 81 meter \nLuas bangunan 150\nKt4\nKm4\n\n listrik 2200W\n\nBisa cash Dan kpr .\nBebas banjir \nFull bata merah\nAkses jln 2mobil', 4, 4, 1, 81, 'jual', 'SHM - Sertifikat Hak Milik', '0000-00-00 00:00:00', '2021-12-24 05:35:08'),
(498, 1, 'ID00041', 'Dijual cepat Rumah mewah cluster Asera harapan indah Bekasi bebas banjir', 'Rumah', ' Bekasi', 'Harapan Indah', 2000000000, 'DIJUAL CEPAT RUMAH MEWAH DI CLUSTER ASERA HARAPAN INDAH ??? BEBAS BANJIR\nLokasi strategis Dekat dengan sekolah, rumah sakit, pasar modern, tempat ibadah, dan fasilitas umum lengkap lainnya. \n\nLuas tanah 144 (8??18) \nBangunan 152 \nKamar tidur 3+1 \nKamar mandi 3+1PLN 4400 \nPAMSHMgarasi muat 2 mobilrow jalan luas muat 3 mobil.\n\nHub. Herlina 082260282xxx', 4, 4, 2, 144, 'jual', 'SHM - Sertifikat Hak Milik', '0000-00-00 00:00:00', '2021-12-24 05:35:09'),
(499, 1, 'ID00042', 'Rumah nyaman,murah idaman keluarga Bandung', 'Rumah', ' Bandung', 'Bandung Kota', 480000000, 'Rumah Minimalis DeluxeAssalamualaikum Wr.wbSaya mau jual hunian murah tapi megah cash only, boleh bertahap negosiasi langsung dengan pemilik> Insyaallah amanah, syariah berlokasi di dalam Cluster Al-maas 3 Yang minat serius silahkan whatsapp ditunggu ya ...Untuk Legalitas sudah AJB + IMB bisa langsung SHM dibantu.No KPR ya', 3, 2, 2, 120, 'jual', 'SHM - Sertifikat Hak Milik', '0000-00-00 00:00:00', '2021-12-24 05:35:09'),
(500, 1, 'ID00043', 'cluster asia 6x16', 'Rumah', ' Jakarta Barat', 'Duri Kosambi', 1900000000, 'cluster asia 6x16,green lake city', 3, 2, 0, 96, 'jual', '-', '0000-00-00 00:00:00', '2021-12-24 05:35:09'),
(501, 1, 'ID00044', 'CHANDRA JELAMBAR RUMAH BAGUS LT 283m2 HADAP TIMUR DI KOMPLEK TAMAN HARAPAN INDAH', 'Rumah', ' Jakarta Barat', 'Jelambar', 5500000000, 'Rumah harga njop di komplek taman harapan indah, jelambar\nLt 283m2, uk 11.5x24.6m, 2lt, SHM, 6+2kt, 4+1km,hdp timur, lokasi bebas banjir, ada void belakang jd rumah adem\nHrg 5.5m nego\n\nKpr bank dibantu Hub chandra 08128169xxx Follow my IG @chandrajelambar', 8, 5, 2, 283, 'jual', 'SHM - Sertifikat Hak Milik', '0000-00-00 00:00:00', '2021-12-24 05:35:09'),
(502, 1, 'ID00045', 'Perumahan Murah Mewah Di Jakarta Selatan Lokasi Strategis Di pinggir Jalan Raya', 'Rumah', ' Jakarta Selatan', 'Cilandak', 2940000000, 'Listing ini merupakan Verified Listing 99 Group (Rumah123 & 99) Tim 99 Group sudah melakukan pengecekan dokumen, lokasi asli, dan harga sesuai Silahkan laporkan dan dapatkan kompensasi apabila listingan bukti tidak sesuai Pasti Aman, Harga Sesuai, Respon cepat! Kawasan Hunian Nyaman Yang Menyajikan lay out Indah Pencahayaan dan Sirkulasi Udara Yang Sehat Menjadikan Pertimbangan Tinggi Dimana Anda Akan Menempatkan Keluarga Bahagia Anda. Spesifikasi : Kamar Tidur : 3+1 Kamar Mandi: 3+1 Jumlah Lantai : 2, 3 Carpot : 2 Listrik : 2200 watt Sumber Air : Air Tanah + pompa Listrik + Toren Sambungan tlp : 1 line Surat SHM dan IMB Speksifikasi Bangunan : Pondasi : Batu Kali dan Beton Bertulang-Struktur : Beton Bertulang Dinding : Bata Plester Aci Pintu : Kamper Over Kunci : Solid Atap : Rangka Atap Baja Ringan Lantai Utama : Granite Tile Kamar Mandi : Keramik (Roman) Plafond : Rangka Besi Hollow Gypsum Fasilitas : Keamanan + CCTV 24 Jam ( One Gate System ) Row jalan lebar', 3, 3, 0, 107, 'jual', 'SHM - Sertifikat Hak Milik', '0000-00-00 00:00:00', '2021-12-24 05:35:09'),
(503, 1, 'ID00046', 'DHYANA RUMAH JELAMBAR UK 7x20m HADAP UTARA DI KOMPLEK DUTAMAS', 'Rumah', ' Jakarta Barat', 'Jelambar', 2700000000, 'DIJUAL RUMAH [HUB: DHYANA 0818398xxx FAST RESPONSE VIA WA ^_^)] FREE KONSULTASI KPR (BCA, PANIN, UOB, CIMB, BNI, Danamon, Permata, dll\n\nRumah di komplek dutamas\n7x20 , 1.5lt, 4 kamar, 2 kamar mandi, shm , utara, 3500, Rp 2.7m\nBebas hpl\n\nKPR BISA DIBANTU\nINFO DAN SURVEY HUB: DHYANA 0818398xxx\nFAST RESPONSE VIA WA\nVISIT MY INSTAGRAM: @dhy_property\n\n[HUB: DHYANA 0818398xxx] Segera hubungi kami untuk berkonsultasi dan mendapatkan SEMUA informasi seputar properti pada area ini ( HOT listing, harga pasaran, harga BU, dan lokasi terbaik ) - Your best property service agency in Indonesia.\n\nMohon cantumkan nomor whatsap Anda agar bisa segera Dhyana hubungi Thx', 0, 2, 0, 140, 'jual', 'SHM - Sertifikat Hak Milik', '0000-00-00 00:00:00', '2021-12-24 05:35:09'),
(504, 1, 'ID00047', 'Rumah Mewah dalam Cluster Eksklusif TERMURAH di Cilandak, Dekat ke MRT', 'Rumah', ' Jakarta Selatan', 'Lebak Bulus', 1630000000, 'Dijual rumah indent eklusifdi Lebak Bulus, Kec. Cilandak, Kota Jakarta Selatan\nPerumahan cluster dengan konsep One-Gate System (Security 24 jam)\nLokasi bebas banjir\nAkses jalan dapat dilalui 1 mobil 1 motor\n\nSale Point :\n10 Menit ke Gerbang TOL Fatmawati atau 4,5km\n13 Menit ke Stasiun MRT Lebak Bulus atau 4,3km\n12 Menit ke RS Fatmawati atau 4,7km\n7 Menit ke Golf Pangkalan Jati atau 1,9km\n15 Menit ke Pondok Indah Mall atau 6,6km\n11 Menit ke MRT Fatmawati atau 4,3km\n12 Menit ke Mall Citos atau 4,6km\n\nSpesifikasi :\nLT 80 m2, LB 100 m2\nKT 4, KM 3\nLantai : 2\nListrik 2200 Watt\nUnit Tersedia :8\nTotal Unit Keseluruhan : 8 Unit\nTahun Pembangunan : 2020\nHadap Rumah : Utara, Selatan\nRow Cluster : 6 meter\nSurat : SHM, IMB, PBB, Lengkap\n\nInformasi dan Konsultasi\nvia WA untuk Fast Response\n\nMinat survey dan booking segera... \nCash atau KPR\nKPR kami bantu sampai akad :<br', 4, 3, 0, 80, 'jual', 'SHM - Sertifikat Hak Milik', '0000-00-00 00:00:00', '2021-12-24 05:35:09'),
(505, 1, 'ID00048', 'ANA*Rumah 184 m2 di Komplek Taman Harapan Indah, Jelambar', 'Rumah', ' Jakarta Barat', 'Jelambar', 3550000000, 'RUMAH DI KOMPLEK TAMAN HARAPAN INDAH, JELAMBARLt. 184 m2, bangunan uk 7x20m, 2,5 lt, 5+2 kt, 5 km SHM Lebar \nJalan 2 mobil Rumah cor tinggi dr jalan, \nBebas Banjir\nHarga Nego KPR bisa dibantu \n\nmore info : ANA \n085215051xxx (WA) \nfollow my ig @anajelambar for update listing', 5, 5, 1, 184, 'jual', 'SHM - Sertifikat Hak Milik', '0000-00-00 00:00:00', '2021-12-24 05:35:09'),
(506, 1, 'ID00049', 'Rumah Di  di Dekat sawangan, pasir putih, Tol BOR, Tol Sawangan, pasar parung, giant parung', 'Rumah', ' Depok', 'Citayam', 300000000, 'lokasi strategis,\nVilla citra lestari metro parung\nHunian di Kabupaten Bogor, salah satu perumahan yang bisa dipertimbangkan adalah Villa Citra Lestari yang berlokasi di Waru, Parung, Bogor.\n\nLokasi dekat dengan\n1. di tol BORR ( Bogor Outing Road )\n2. exit tol yasmin\n3. Berada di jalan utama raya parung\n4. Halte Metro Parung\n5. Mal Parung\n6. Pasar tradisional Parung\n7. RSUD Kota Depok\n8. Pasar swalayan (Giant express, alfa, indomaret)\n9.Dekat Sekolah ( SDN Parung,SMPN 2 Parung, SMAN 1 Parung)\n10. Taman Rekreasi Outbound sapadia\n\nBerminat dapat hubungi\nTanti\n87886032xxx', 2, 1, 0, 76, 'jual', '-', '0000-00-00 00:00:00', '2021-12-24 05:35:09'),
(507, 1, 'ID00050', 'Investasi Rumah Lokasi sangat Strategis Dengan Fasilitas Lengkap Di Alana Regency', 'Rumah', ' Surabaya', 'Sidoarjo', 600000000, 'Rumah 500 Jutaan + Special Discount\n\nVery Limited Stock\n\nAlana Regency Tambak Oso \n\nDeveloped By Pt Tumerus Jaya Propertindo\n\nHarga Kpr Start 500Jtan\n1.3 Km Dari Surabaya\n3 Menit Dari Merr\n300 Meter Dari Oerr\n\nFasilitas :\nKolam Renang, Mushola, Lap Basket, Kids Playground, One Gate System & 24-Hour Security\n\nFree : Ppn, Bphtb, Ajb, Bbn, Shm, Pagar, Tandon Bawah & Pengalihan 1X\nUtj 10 Juta', 2, 1, 1, 72, 'jual', 'SHM - Sertifikat Hak Milik', '0000-00-00 00:00:00', '2021-12-24 05:35:09'),
(508, 1, 'ID00051', 'Apartemen Green Park View Tower G 2 BR', 'Apartemen', ' Jakarta Barat', 'Cengkareng', 350000000, 'Tower G 2BR', 2, 1, 0, 34, 'jual', 'SHM - Sertifikat Hak Milik', '0000-00-00 00:00:00', '2021-12-24 05:35:09'),
(509, 1, 'ID00052', 'Rumah Modern minimalis serpong', 'Rumah', ' Tangerang Selatan', 'Serpong', 855000000, 'Hunian 2 lantai super kece, Desain Super Elegan, lingkungan yang go green, Berkonsep Resort, Bangunan Mewah dan minimalis, sangat cocok untuk keluarga baru. \nFASILITAS :\nClub\' House super mewah\nkolam renang Anak & dewasa\ntempat fitness ,jogging track Taman pendestrian asri.\n\nSEKOLAH TERSDEKAT\n-Al Azhar, islamic\n- Penabur, Tarakanita\n- setela Maris, pahoa dll\n\nKAMPUS / UNIVERSITAS\n- UMN Gading Serpong\n- UPH Karawaci\n- Pradita - Prasetya Mulya\n- Atmajaya - BINUS\n\nLOKASI & PUSAT PERBELANJAAN\n- Hanya 4 KM ke pintu Tol karawaci\n- Hanya 5.5 KM ke Pintu Tol gading Serpong ( tol Serpong )\n- Hanya 5 KM ke Tol legak ( Tol Jor 3)\n- Hanya 10 menit ke MALL SMS ( sumarecon gading Serpong)\n- Hanya 15 menit ke SUPER MALL KARAWACI\n- Hanya 25 menit Ke AEON MALL BSD', 2, 2, 1, 50, 'jual', 'SHM - Sertifikat Hak Milik', '0000-00-00 00:00:00', '2021-12-24 05:35:09'),
(510, 1, 'ID00053', 'Rumah balinese di pejaten barat', 'Rumah', ' Jakarta Selatan', 'Pejaten', 9500000000, 'Wts : rumah balinese di pejaten barat \nLT/LB : 563/350m2 (2 lantai)\n4 KT (2 kamar tidur dibawah, 2 diatas) dan 2 kamar pembantu\n4+1 KM\ngudang\nshm\n5500 watt\nHadap Selatan \nTaman depan dan belakang (ada kolam ikan)\ncarport 4. \nHrg 9.5M nego. (MURAH)', 4, 4, 0, 563, 'jual', '-', '0000-00-00 00:00:00', '2021-12-24 05:35:10'),
(512, 1, 'ID00055', 'RUMAH MEWAH dan LUAS at Jl MARTIMBANG, KEBAYORAN BARU', 'Rumah', ' Jakarta Selatan', 'Kebayoran Baru', 48000000000, '* * * * WANT TO SALE! * * * *\nJl. MARTIMBANG,  KEBAYORAN BARU\nT/B. 753/918 || SHM || NORTHEAST\nK.TIDUR 6+3 || K.MANDI 6+2\nGARASI/CARPORT 9 MOBIL\n\n* * * * JARANG ADA !! * * * *\n#IDR. 48M (( NEGOTIPIS ))\n\nDekat: Pakubuwono, Blok M, Gandaria, Kebayoran Baru, Kebayoran Lama, Simprug, Hang Lekir, Senayan, Sudirman, Grogol, Permata Hijau, Gunung, Pondok Indah, SCBD\n\nUntuk Informasi - Transaksi - Survey hub : \nWENDY LIM - 08567280xxx\n\nApabila bpk/ibu sedang mencari Property Butuh bantuan untuk Memasarkan Property :\n( Gedung / Rumah / Apartment / Ruko / Office Space / Tanah / Pabrik / Gudang / Hotel / Villa )\nPlease Contact Me :\n0856 - 72 - 80008 ( Call / Whatsapp )', 9, 8, 0, 753, 'jual', '-', '0000-00-00 00:00:00', '2021-12-24 05:35:10'),
(513, 1, 'ID00056', 'RUMAH  CANTIK DAN MEWAH DESAIN MODERN STRATEGIS DEKAT LIPPO KARAWACI , GADING SERPONG DAN BSD', 'Rumah', ' Tangerang', 'Kelapa Dua', 995000000, 'Rumahnya Cantik Dan Keren Berfasilitas Lengkap :\n\n* Keamanan Dan CCTV 24 JAM\n* Ruang Terbuka hijau\n* Area Komersial\n* Fitness center swimming pool\n* Joging Track\n* Smart Door Lock Sistem\n* Golden Plaza\n\nDekat Ke :\n\n* 5 Menit ke kawasan Lippo Karawaci\n* 5 Menit ke Mall Karawaci\n* 5 Menit ke kawasan Summarecon Mall\n* 5 Menit ke Toll Karawaci Atau Toll Islamik\n\n* 5 Menit ke kawasan Rumah Sakit SILOAM\n* 5 Menit ke Rumah Sakit Mitra Keluarga\n* 5 Menit ke Rumah Sakit Mentari\n* 5 Menit ke Rumah Sakit Murni Asih\n* 5 Menit ke Rumah Sakit Qodar\n\n* 5 Menit Uni Versitas PELITA HARAPAN\n* 5 Menit ke Universitas Multimedia Nusantara\n* 5 Menit ke Universitas Gunadarma\n\n* Dekat ke Sekolah TARAKANITA\n* Dekat ke sekolah BPKB PENABUR\n* Dekat ke sekolah Al Azhar\n*Dekat ke Sekolah PAHOA\n\nSegera Miliki Rumah Idaman keluarga dengan Konsep rumah Modern Dikawasan Strategis dekat dengan Gading Serpong Tangerang\n\nUntuk informasi lebih lanjut hubungi :\n\nLisma - Marketing', 3, 2, 0, 50, 'jual', 'SHM - Sertifikat Hak Milik', '0000-00-00 00:00:00', '2021-12-24 05:35:10'),
(514, 1, 'ID00057', 'ANA RUMAH MURAH UK 3.8X15M MASUK MOBIL DI JELAMBAR', 'Rumah', ' Jakarta Barat', 'Jelambar', 1400000000, 'RUMAH MURAH DI JELAMBAR\nLT.55M (3.8X15), 3LT, KT3 KM2, SHM\nJALAN 1 MOBIL\nTIDAK JAUH DARI JALAN RAYA\nKONDISI MASIH OKE TINGGAL CAT SAJA\nHARGA NEGO KPR BISA DIBANTU\n\nINFO   SURVEY:\nANA\nFAST RESPONSE VIA WA\nIG anajelambar', 3, 2, 0, 55, 'jual', 'SHM - Sertifikat Hak Milik', '0000-00-00 00:00:00', '2021-12-24 05:35:10'),
(515, 1, 'ID00058', 'Rumah Mewah dan Elegant Kawasan Gading Serpong Tangerang', 'Rumah', ' Tangerang', 'Gading Serpong', 1500000000, '- LB : 79\n- LT : 63\n- KT : 3\n- KM : 3\n\nHarga : Rp1.508.200.xxx\n\nMB27', 3, 3, 1, 63, 'jual', 'SHM - Sertifikat Hak Milik', '0000-00-00 00:00:00', '2021-12-24 05:35:10'),
(516, 1, 'ID00059', 'Rumah rapih mewah nyaman', 'Rumah', ' Bogor', 'Sentul City', 22500000000, 'SENTUL CITY FASILITAS DAN KWALITASKawasan Komersial merupakan kawasan bisnis yang terdiri dari ruko-ruko dan pusat-pusat perbelanjaan di sekitar Kawasan Perumahan. Terdapat 5 wilayah kawasan komersial yang terpisah-pisah seperti sistem klaster pada perumahan, yaitu Central Business District, Plaza Niaga, Plaza Niaga 2, Mal dan Plaza Amsterdam, dan Plaza Victoria.Fasilitas lainnya yang terdapat di kawasan Sentul City adalahPendidikan: Sekolah Pelita Harapan, KB/TK/Sekolah Dasar TARUNA BANGSA, Sekolah BPK Penabur, Sekolah Islam Terpadu Fajar Hidayah, STIE Tazkia, Islamic Center, MI. Wahdatul Ikhwan.Gedung bisnis dan pertemuan: Taman Budaya, Sentul City Convention Center.Hotel: Lor In Sentul, Wattana Hotel Spa, Harris Hotel, dan Green Savana Hotel.SPBU: Pertamina, Petronas (tutup).Supermarket: Hypermart, Giant Extra.Pusat Perbelanjaan: Bellanova Country Mall, Giant Extra.Tempat Hiburan: Bioskop Bellanova 21, Alam Fantasia, Jungleland Adventure Theme Park, Eco Art Park.Restoran: KFC, Bakmi Golek, Gunung Mas, dll', 5, 3, 4, 1064, 'jual', 'SHM - Sertifikat Hak Milik', '0000-00-00 00:00:00', '2021-12-24 05:35:10'),
(517, 1, 'ID00060', 'DHYANA RUMAH BAGUS JELAMBAR UK 14x20M FULL FURNISH DI KOMPLEK DUTAMAS', 'Rumah', ' Jakarta Barat', 'Jelambar', 5800000000, 'DIJUAL RUMAH [HUB: DHYANA 0818398xxx FAST RESPONSE VIA WA ^_^)] FREE KONSULTASI KPR (BCA, PANIN, UOB, CIMB, BNI, Danamon, Permata, dll\n\nUkuran : tanah 282m2, bangunan krg lbh 300m2. LxP: 14x20 m\nBrapa Lantai : 2\nSertifikat : SHM\nHadap Arah : Utara Timur\nKamar Tidur : 3\nKamar Mandi : 3\nListrik : 2200 Watt\nJual Kondisi : Full Furnish\nAlamat Lengkap : Taman duta mas \nHarga Jual : 5.8M (awal: 6.25M)\n\nKPR BISA DIBANTU\nINFO DAN SURVEY HUB: DHYANA 0818398xxx\nFAST RESPONSE VIA WA\nVISIT MY INSTAGRAM: @dhy_property\n\n[HUB: DHYANA 0818398xxx] Segera hubungi kami untuk berkonsultasi dan mendapatkan SEMUA informasi seputar properti pada area ini ( HOT listing, harga pasaran, harga BU, dan lokasi terbaik ) - Your best property service agency in Indonesia.\n\nMohon cantumkan nomor whatsap Anda agar bisa segera Dhyana hubungi Thx', 3, 3, 0, 282, 'jual', 'SHM - Sertifikat Hak Milik', '0000-00-00 00:00:00', '2021-12-24 05:35:10'),
(518, 1, 'ID00061', 'Rumah Hook Keren, Kemang Pratama 3 Bekasi', 'Rumah', ' Bekasi', 'Bekasi Kota', 2450000000, 'Perumahan Kemang Pratama merupakan salah satu kawasan permukiman elit di Bekasi Kompleks perumahan yang luas ini memiliki fasilitas penunjang yang lengkap antara lain: 1. Sekolah. Nasional dan iternasional Di dekat perumahan terdapat sekolah berkualitas seperti Sekolah Victory Plus yang menyediakan pendidikan dari jenjang playgroup, TK, SD, SMP dan SMA bertaraf internasional. Tidak jauh dari SVP juga terdapat SMP Islam Al Azhar 8, TK Mini Pak Kasur, SMA Islam Al Azhar 4, KB dan TK Al Hanief, juga TK Islam Al Azhar 11. Anda tidak perlu bingung lagi untuk memilih sekolah terbaik untuk ananda tercinta. 2. Rumah sakit Fasilitas kesehatan terdekat adalah Rumah Sakit St. Elizabeth yang dilengkapi dengan pelayanan dokter umum dan spesialis, Instalasi Gawat Darurat, dan fasilitas penunjang seperti apotek, laboratorium, unit radiologi, dan lain sebagainya. 3. Supermarket Untuk berbelanja keperluan sehari-hari, hanya perlu datang dan membeli yang barang diperlukan di Hero Supermarket yang berada tidak jauh dari', 4, 4, 2, 210, 'jual', 'SHM - Sertifikat Hak Milik', '0000-00-00 00:00:00', '2021-12-24 05:35:10'),
(519, 1, 'ID00062', 'Rumah Mewah Posisi Hook dengan Private Pool di Sentul City', 'Rumah', ' Bogor', 'Sentul City', 16500000000, 'Beberapa alasan mengapa membeli property di kawasan Sentul City ini :\n- Investasi menjanjikan pertahun 20%-30%.\n- Sertifikat terjamin.\n- Exit tol Sentul City langsung menuju area kawasan perumahan.\n- Aman (one gate, one cluster security 24 jam).\n- Udara bersih, sejuk, segar.\n- Kontur tanah berbukit (upslope, level, downslope).\n- Bebas banjir areal luas 3100 hektar.\n- View indah (golf, danau, sungai pegunungan).\n- Nilai investasi rumah Bellanova, IKEA, RS EMC Sentul, Wisata Jungle Land, Pasar Ah poong Sentul, Eco Park, Sentul Highlands Golf Club, Taman Budaya Edutainment Centre, SICC Sentul, Hotel Harris, Wattana Hotel, Savana Hotel, Sampoerna Academy, Sekolah Pelita Harapan, BPK Penabur Fajar Hidayah, Universitas Trisakti, Universitas Tazkia\n\nKita juga melayani untuk pembangunan, renovasi, perencanaan pembangunan, dan lain-lain di kawasan Sentul City dan sekitarnya.', 5, 6, 2, 867, 'jual', 'HGB - Hak Guna Bangunan', '0000-00-00 00:00:00', '2021-12-24 05:35:10'),
(520, 1, 'ID00063', 'DHYANA KOST LOKASI BAGUS UK 5.25x21M di JALAN RAYA JELAMBAR', 'Rumah', ' Jakarta Barat', 'Jelambar', 4000000000, 'DIJUAL KOST [HUB: DHYANA 0818398xxx FAST RESPONSE VIA WA ^_^)] FREE KONSULTASI KPR (BCA, PANIN, UOB, CIMB, BNI, Danamon, Permata, dll\n\nKost lokasi bagus di jalan raya jelambar\nLt 111m2, uk 5.25x21m, 4lt, SHM, 42kt, token masing2, air sumur, jalan raya 3 mobil, bebas banjir\nHrg 4m nego\n\nKPR BISA DIBANTU\nINFO DAN SURVEY HUB: DHYANA 0818398xxx\nFAST RESPONSE VIA WA\nVISIT MY INSTAGRAM: @dhy_property\n\n[HUB: DHYANA 0818398xxx] Segera hubungi kami untuk berkonsultasi dan mendapatkan SEMUA informasi seputar properti pada area ini ( HOT listing, harga pasaran, harga BU, dan lokasi terbaik ) - Your best property service agency in Indonesia.\n\nMohon cantumkan nomor whatsap Anda agar bisa segera Dhyana hubungi Thx', 42, 4, 0, 111, 'jual', 'SHM - Sertifikat Hak Milik', '0000-00-00 00:00:00', '2021-12-24 05:35:10'),
(521, 1, 'ID00064', 'DHYANA RUMAH BARU DURI KEPA UK 4.25X13.5m LOKASI BAGUS JALAN LEGA', 'Rumah', ' Jakarta Barat', 'Duri Kepa', 2150000000, 'DIJUAL RUMAH [HUB: DHYANA 0818398xxx FAST RESPONSE VIA WA ^_^)] FREE KONSULTASI KPR (BCA, PANIN, UOB, CIMB, BNI, Danamon, Permata, dll \n\nUkuran 4,25 x 13,5. 3,5 lantai. Sertifikat SHM. KT 3 + 1 pembantu + 1 gudang. Toilet 4+1. \nBuka di 2,15 M. Jalanan lebar bisa 3 mobil\n\nKPR BISA DIBANTU \nINFO DAN SURVEY HUB: DHYANA 0818398xxx \nFAST RESPONSE VIA WA \nVISIT MY INSTAGRAM: @dhy_property \n\n[HUB: DHYANA 0818398xxx] Segera hubungi kami untuk berkonsultasi dan mendapatkan SEMUA informasi seputar properti pada area ini ( HOT listing, harga pasaran, harga BU, dan lokasi terbaik ) - Your best property service agency in Indonesia. Mohon cantumkan nomor whatsap Anda agar bisa segera Dhyana hubungi Thx', 4, 5, 0, 57, 'jual', 'SHM - Sertifikat Hak Milik', '0000-00-00 00:00:00', '2021-12-24 05:35:11');
INSERT INTO `listings` (`id`, `id_admin`, `id_properti`, `nama_listing`, `jenis_listing`, `kota`, `wilayah`, `harga`, `desc`, `kamar`, `kamar_mandi`, `garasi`, `luas`, `TipePenjualan`, `statusTanah`, `created_at`, `updated_at`) VALUES
(522, 1, 'ID00065', 'Rumah 2 Lantai Cinangka Eksklusif Skandinavia DP Rendah Akses Tol', 'Rumah', ' Depok', 'Sawangan', 649000000, 'INFO: Untuk respon lebih cepat, bisa hubungi kami via Whatsapp \nNOTE: Simulasi Angsuran resmi hanya bisa didapatkan via info Whatsapp (BUKAN/ABAIKAN SIMULASI ANGSURAN DI WEBSITE INI) \n\nJalan Pendidikan, Cinangka-Pondok Cabe, Kota Depok \n\nRumah 2 Lantai Skandinavia Eksklusif, Hijau, dan Asri.. Akses Mudah ke Jakarta, Depok, dan Tangerang Selatan Lokasi kami STRATEGIS karena: \n- Lokasi EKSKLUSIF \n- Keamanan One-Gate System \n- 15 Menit dari Lapangan Golf Pondok Cabe \n- 20 Menit dari Pintu Tol Cinere dan Pondok Cabe \n- 25 Menit ke Stasiun MRT Lebak Bulus \n- Dikelilingi banyak sekolah: SD, SMP, SMA/SMK \n- Dikelilingi banyak Indomaret Alfamart \n\nKODE: DPK-FATIHRES 2LT \n\nIngin info lebih lanjut? Informasi dan Konsultasi \nHubungi : 0812-8691-5xxx (Abdul Mutholib) \nvia WA untuk Fast Response \n\nParadice Property Innovative Property Trading and Consulting', 3, 2, 2, 65, 'jual', 'SHM - Sertifikat Hak Milik', '0000-00-00 00:00:00', '2021-12-24 05:35:11'),
(523, 1, 'ID00066', 'rumah hook pinggir jalan utama di taman cimangu bogor', 'Rumah', ' Bogor', 'Tanah Sareal', 2500000000, 'Listing ini merupakan Verified Listing 99 Group (Rumah123 & 99)\nTim 99 Group sudah melakukan pengecekan dokumen, lokasi asli, dan harga sesuai\nSilahkan laporkan dan dapatkan kompensasi apabila listingan bukti tidak sesuai\nPasti Aman, Harga Sesuai, Respon cepat!\n\n\n\nDijual rumah 1,5 lantai di jalan utama di Taman Cimanggu posisi hook\n\nCocok untuk usaha :\n- Rumah kost-kostan\n- usaha rumah makan/cafe\n- bisa utk disewakan utk Alfamart/Indomaret\n\nLuas tanah 312m2\nLuas bangunan 72m2\n\nSertifikat SHM\n\nHarga 2,5 M\n\n5 KT +1\n3 KM\nListrik 2200 watt\nAir sumur & PDAM\nSudah ada Gas alam\nRuang tamu\nRuang keluarga\nRuang makan\nDapur\nGarasi 1 mobil\nCarport 1 mobil\nTaman belakang\n\n✓ Dekat lapangan Tenis dan mesjid\n✓ Nempel perumahan taman yasmin\n✓ Dilalui angkot 12 taman Cimanggu - pasar anyar\n✓ Sekali naik angkot ke stasiun bogor\n✓ 10 menit pintu tol Yasmin\n✓ 10 Menit Transmart, Lotte mart, Giant\n✓ 10 Menit Rs. Hermina\n✓ 10 menit stasiun Bogor\n✓ 15 menit pusat Perkantoran Bogor\n✓ 15 menit pusat pendidikan\n✓ 15 menit wisata kebun Raya Bogor ( Icon wisata bogor )\n\n\"Kami siap melayani kebutuhan properti Anda\"\n\nInfo lengkap :', 4, 2, 1, 312, 'jual', 'SHM - Sertifikat Hak Milik', '0000-00-00 00:00:00', '2021-12-24 05:35:11'),
(524, 1, 'ID00067', 'Rumah Siap Huni di Griya Aster Legok Tangerang Lokasinya Dekat ke Area Bsd City Tangerang', 'Rumah', ' Tangerang', 'Legok', 545000000, 'Dijual Cepat Rumah Siap Huni\n\nRumah yang berlokasi di Legok Tangerang,dimana lokasi rumah ini dekat ke Bsd City Tangerang.\n\nUk 6 x 15\n.Luas Tanah 90 Mtr\n.Luas Bangunan 65 Mtr\n.Kamar Tidur 3\n.Kamar Mandi 2\n.Carport Mobil 1\n.Tersedia Toren\n.Air Satelit/Bersih\n.Pakai Toren\n\nLOKASINYA STRATEGIS\n\nDari Lokasi Rumah dekat ke :\n.Pasar Legok\n.Ke Bsd City\n.Ke Sekolah2 dan Rumah Sakit\n.Ke Stasiun Kereta Api\n.Ke Area Gading Serpong Tangerang\n.Ke Karawaci Tangerang\n.Dekat Rencana Toll Baru\n\nLOKASI RUMAH DEKAT SEKALI KE RENCANA TOLL LEGOK TANGERANG.\n\nSiapa cepat dia dapat..!!\n\nHarga Rp.545 Juta\n\nUntuk Informasi Lengkap Hub :\n\nTORANG\n081380031xxx', 3, 2, 1, 90, 'jual', 'SHM - Sertifikat Hak Milik', '0000-00-00 00:00:00', '2021-12-24 05:35:11'),
(525, 1, 'ID00068', 'RUMAH DEKAT MALL ARTHA GADING DI  MURAH DI JAKARTA UTARA', 'Rumah', ' Jakarta Utara', 'Koja', 699000000, 'Gema Insan Residence (GIR )\n\nRumah Cantik 2 Lantai Minimalis modern Lokasi superstrategis Dekat Mall Artha Gading dengan Hrga Terjangkau\n\nCluster ini merupakan Perumahan Premium termurah di kelasnya berlokasi di sekitr klapa gading Jakarta Utara\n\nRumah 2 lantai dengan desain minimalis cocok untuk keluarga Milenial anda untuk menciptakan setiap sudut ruang impian bersama keluarga tercinta.\n\nType 40/52\n- Luas tanah 40 M2\n- Luas Bangunan 52 M2\n- 2 Kamar Tidur\n- 2 Kamar Mandi\n- 1 Ruang Tamu\n- Dapur\n- Carport\n\nKeunggulan Gema Insani Residence\n- Akses jalan sangat lega, akses 2 mobil\n- Harga sangat terjangkau\n- Dikelilingi banyak fasilitas \n\nDengan kemudahan akses :\n- Dekat sekolah-sekolah & Universitas\n- Dekat Perkantoran \n- Dekat ke fasilitas umum(Rumah sakit,stasiun,terminal)\n- 3 menit ke RS mulyasari\n-3 menit Pom Bensin\n-5 menit kantor imigrasi kelas 1 jakarta utara\n-5 menit kantor BPJS Ketenagakerjaan\n- 5 menit Kntor Walikota Jakrta Utara\n-5 menit ke pintul tol kebon bawang\n- 7 menit ke Ke Mall Artha Gading\n- 7 menit ke stasiun dan terminal Tanjung Priuk\n- 10 menit Rsud koja\n- 10 mnit Mall kelpa gading\n\nSegera amankan unitnya, dengan menjadwalkan kunjungan survey lokasi', 2, 2, 0, 40, 'jual', 'SHM - Sertifikat Hak Milik', '0000-00-00 00:00:00', '2021-12-24 05:35:11'),
(526, 1, 'ID00069', 'Rumah Ready Di Jagakarsa Dekat Cilandak Dan Toll TB Simatupang', 'Rumah', ' Jakarta Selatan', 'Jagakarsa', 2350000000, '*RUMAH CLASSIC MODERN  \n\nspesifikasi \n\n- Kav R1 LT 130 m2 IDR Rp 3.5 M (kolam renang) _*bangunan 3 lantai_* (SOLD)\n- Kav R2 LT 104 m2 IDR 2.5 M _*bangunan mezanine_* (SOLD)\n- Kav R3 LT 102 m2 IDR 2.5 M _*bangunan mezanine_* (SOLD)\n- Kav R4 LT 87 m2 IDR 2.35 M _*semi basement_* (Ready)\n- Kav R5 LT 85 m2 IDR 2.35 M _*semi basement_* (Ready)\n\n_*Spesifiksi Kav R4 dan R5_*\n\nLuas tanah 85   dan 87 m2 \nType bangunan semi basement (3 lantai)\nJenis bangunan : Ready\nBerapa unit : hanya 2 unit (bangunan beda beda) \n\n_*BASEMENT_*\n- Dapur kotor / dapur besih\n- Ruang cuci \n- Kamar mandi pembantu\n- Kamar pembantu \n- Kamar supir \n\n_*LANTAI 1*_\n- Carport 2 Mobil \n- Ruang Tamu \n- Ruang Keluarga\n- Kamar Tidur anak\n- Kamar mandi\n\n_*LANTAI 2*_\n- Kamar tidur utama\n- Kamar mandi utama\n- ruang wardrobe\n- Kamar tidur anak\n- Kamar mandi\n\n*SPESIFIKASI* :\n- listrik 3500 watt \n- Granit lantai 80 x 80\n- Granit Kamar mandi Setara Roman\n- Granit Kamar mandi utama 80 x 80 \n- Closet duduk America Standard \n- Closet Jongkok America Standard \n- Relling tangga besi tempa\n- Pintu utama Besi Tempa \n- Pintu kamar Kayu \n- Pintu kamar mandi PVC \n- Jendela dan pintu sliding UPVC \n- Carport Batu tabur panca warna \n\n*BONUS :*\n- Kitchen Set \n- Kompor tanam \n- lemari bawah tangga \n- AC 3 unit (1 PK , dan 1/2 PK nya 2)\n- 3 Water Heater\n\n*Selling point :*\n\n? Dekat Tol TB. Simatupang , andara & tol brigif\n?Dekat Pusat Perbelanjaan Transmart Cilandak Mall Dan Citos\n?Dekat stasiun tanjung barat \n?Dekat MRT \n?Dekat Objek wisata &  Busway Ragunan\n?Dekat Sekolah Ternama & sekolah negri\n?Dekat ke Rumah sakit dan Tempat ibadah\n---------------------------------------------', 4, 4, 1, 87, 'jual', 'SHM - Sertifikat Hak Milik', '0000-00-00 00:00:00', '2021-12-24 05:35:11'),
(527, 1, 'ID00070', 'Rumah dekat stasiun di Depok harga terjangkau akses 2 mobil', 'Rumah', ' Depok', 'Cilodong', 525000000, 'Mutiara Kalimulya dekat stasiun KRL dan alun alun GDC Depok\n\nLokasi di kawasan Kalimulya ,lebih asri dan sejuk, Harga terjangkau & berkualitas, dekat stasiun depok lama, terminal depok dan tempat pendidikan.\n\nFASILITAS :\nOne Gate System\nPos Security\n\nAKSESIBILITAS\nAkses menuju lokasi bisa pruis 2 mobil\nDekat Stasiun, Terminal Depok dan Perkantoran di GDC\n10 Menit ke Stasiun Depok Lama\n12 menit ke Terminal Depok\n15 menit ke Tol Cijago\nDekat Pusat Perbelanjaan\n10 menit ke Transmart Carrefour\n10 menit ke Pasar Depok Jaya\n10 menit ke ITC Depok\nDekat Sekolah SDN 01 Kalimulya\n10 menit ke SDIT Al Azhar\n20 menit ke Universitas Indonesia dan Gunadarma\nDekat Rumah Sakit dan Klinik kesehatan\n5 menit ke RS Citra Medika\n10 menit ke RS Harapan\n15 menit RS Mitra Keluarga\n20 menit ke RS Bhakti Yudha\nDekat Kantor Pemerintahan\n5 menit ke Kantor pengadilan agama,BPN,DPRD,Imigrasi,\n15 menit ke kantor Walikota Depok\n\nPembayaran Cash dan KPR via Bank\nHub nomor WA di profil untuk jadwal survey.', 2, 1, 0, 75, 'jual', 'SHM - Sertifikat Hak Milik', '0000-00-00 00:00:00', '2021-12-24 05:35:11'),
(528, 1, 'ID00071', 'CHANDRA*Rumah baru 3.5 lt uk 4.5x21m di kavling polri jelambar', 'Rumah', ' Jakarta Barat', 'Jelambar', 2950000000, 'Rumah baru plong di kavling polri \nLt 90m2, uk 4.5x20m, 3.5lt,SHM, air pam, hadap barat, jalan 2 mobil, lokasi bebas banjir\nHrg 2.9m nego\nKpr bank dibantu Hub chandra 08128169xxx Follow my IG @chandrajelambar', 0, 0, 0, 90, 'jual', 'SHM - Sertifikat Hak Milik', '0000-00-00 00:00:00', '2021-12-24 05:35:11'),
(529, 1, 'ID00072', 'Di jual Rumah cluster mewah dan nyaman', 'Rumah', ' Jakarta Pusat', 'Senen', 890000000, 'Pondasi Plat Beton (Cakar Ayam) dicor\n- Struktur Beton bertulang\n- Dinding Double Hebel diplester, dicor, dicat\n- Atap rangka baja ringan\n- Genteng Metal\n- Lantai Granite, Carport Keramik\n- Tangga dicor keramik, Reling\n- Kamar Mandi Closed duduk, Shower\n- Dapur dicor keramik, Zink, kran soang\n- Instalasi AC, Hexospen\n- PAM + Glonteng (Penampungan air bersih)\n- Listrik token 2200\n- Dekat dengan Pusat Perbelanjaan\n- Dekat dengan Lembaga Pendidikan\n- Dekat dengan Pusat Kesehatan\n\nOther spek :\nPondasi : Ceker Ayam Plat beton\nStruktur : Beton Bertulang\nRangka Atap : Baja Ringan\nGenteng : Metal Multiroof\nDinding : Hebel (Double Dinding)\nLantai : Granite 60x60\nJendela : Aluminium\nPlafon : Hollow Gypsum\nPintu : Kayu\nCloset duduk : American Standart', 3, 2, 1, 32, 'jual', 'SHM - Sertifikat Hak Milik', '0000-00-00 00:00:00', '2021-12-24 05:35:11'),
(530, 1, 'ID00073', 'DHYANA RUMAH BARU TAMAN RATU UK 4x13m AKSES 2 MOBIL LOKAS BEBAS BANJIR', 'Rumah', ' Jakarta Barat', 'Taman Ratu', 1900000000, 'DIJUAL RUMAH [HUB: DHYANA 0818398xxx FAST RESPONSE VIA WA ^_^)] FREE KONSULTASI KPR (BCA, PANIN, UOB, CIMB, BNI, Danamon, Permata, dll\n\nRumah baru bangunan bagus di taman ratu\nUk 4x13m..3lt..shm..3+1kt..5km..2200watt, jalan 2 mobil, lokasi bagus dna bebas banjir\nHrg 1.9m\n\nKPR BISA DIBANTU\nINFO DAN SURVEY HUB: DHYANA 0818398xxx\nFAST RESPONSE VIA WA\nVISIT MY INSTAGRAM: @dhy_property\n\n[HUB: DHYANA 0818398xxx] Segera hubungi kami untuk berkonsultasi dan mendapatkan SEMUA informasi seputar properti pada area ini ( HOT listing, harga pasaran, harga BU, dan lokasi terbaik ) - Your best property service agency in Indonesia.\n\nMohon cantumkan nomor whatsap Anda agar bisa segera Dhyana hubungi Thx', 3, 5, 0, 52, 'jual', 'SHM - Sertifikat Hak Milik', '0000-00-00 00:00:00', '2021-12-24 05:35:11'),
(531, 1, 'ID00074', 'Rumah Bagus, Bangunan baru, lokasi strategis', 'Rumah', ' Bandung', 'Sarijadi', 1950000000, 'Rumah BARU lux minimalis di komplek perumahan PARAHYANGAN PERMAI. Dekat dengan kampus UPI dan NHI. Dekat dengan borma setiabudhi dan griya setiabudhi. Bentuk tanah kotak 6,3x23,3. Lingkungan asri, aman dan nyaman. Security 24 jam. Taman luas, hadap utara. One Gate System. Mahfudin Agent properti spesialis area bandung utara Phone: 0811 222 1xxx Whats App : 0811 222 1xxx', 4, 3, 0, 148, 'jual', 'SHM - Sertifikat Hak Milik', '0000-00-00 00:00:00', '2021-12-24 05:35:12'),
(532, 1, 'ID00075', 'Rumah Murah Islami Dekat Cilangkap', 'Rumah', ' Jakarta Timur', 'Cilangkap', 545000000, 'Rumah Di Cluster Kenanga Residence, Perumahan Islami dengan harga terjangkau di kawasan Cibubur. \n\nLokasi perbatasan Jakarta Timur dan Dekat Trans Studio Cibubur. \n\nKEUNGGULAN :?\n? One Gate System + Pos Security\n? Akses kelokasi jalan lebar 2 mobil \n\nLokasi dan akses strategis :\n? Dekat Musholla & Masjid \n? Dekat Gerbang Tol Cibubur\n? Dekat Stasiun LRT Cibubur\n? Dekat Pasar Kranggan\n? Dekat Kemana? ya \n\nPlus :\n??100 Penghuni Muslimin dan Muslimat\n??Dekat Masjid Kajian Sunnah\n??Bebas Banjir', 2, 1, 1, 50, 'jual', 'SHM - Sertifikat Hak Milik', '0000-00-00 00:00:00', '2021-12-24 05:35:12'),
(533, 1, 'ID00076', 'DHYANA KOST 34kt  UK 10x20m DI JELAMBAR', 'Rumah', ' Jakarta Barat', 'Jelambar', 3650000000, 'DIJUAL KOST [HUB: DHYANA 0818398xxx FAST RESPONSE VIA WA ^_^)] FREE KONSULTASI KPR (BCA, PANIN, UOB, CIMB, BNI, Danamon, Permata, dll\n\nKost jelambar\nLt 200m2 uk 10x20m, 2lt, SHM, 34kt, jln 2 mobil\nHrg 3.65 m nego\n\nKPR BISA DIBANTU\nINFO DAN SURVEY HUB: DHYANA 0818398xxx\nFAST RESPONSE VIA WA\nVISIT MY INSTAGRAM: @dhy_property\n\n[HUB: DHYANA 0818398xxx] Segera hubungi kami untuk berkonsultasi dan mendapatkan SEMUA informasi seputar properti pada area ini ( HOT listing, harga pasaran, harga BU, dan lokasi terbaik ) - Your best property service agency in Indonesia.\n\nMohon cantumkan nomor whatsap Anda agar bisa segera Dhyana hubungi Thx', 34, 2, 0, 200, 'jual', 'SHM - Sertifikat Hak Milik', '0000-00-00 00:00:00', '2021-12-24 05:35:12'),
(534, 1, 'ID00077', 'CHANDRA*rumah baru uk 5.5x11m jalan 2 mobil hadap timur di tanjung duren', 'Rumah', ' Jakarta Barat', 'Tanjung Duren', 2250000000, 'Rumah baru murahh jalan 2 mobil di tanjung duren\nLt 60m2, uk 5.5x11m, 3lt, 4kt, SHM, lokasi bagus dan bebas banjir\nHrg 2.25m nego\nKpr bank dibantu Hub chandra 08128169xxx Follow my IG @chandrajelambar', 4, 0, 0, 60, 'jual', 'SHM - Sertifikat Hak Milik', '0000-00-00 00:00:00', '2021-12-24 05:35:12'),
(535, 1, 'ID00078', 'DHYANA* RUMAH BAGUS KOMPLEK THI  UK 7X20m JALAN LEBAR DAN BEBAS BANJIR', 'Rumah', ' Jakarta Barat', 'Jelambar', 3550000000, 'DIJUAL RUMAH [HUB: DHYANA 0818398xxx FAST RESPONSE VIA WA ^_^)] FREE KONSULTASI KPR (BCA, PANIN, UOB, CIMB, BNI, Danamon, Permata, dll Rumah lokasi bagus di komplek TAMAN HARAPAN INDAH (THI) jelambar Lt 184m2 (BANGUNAN 7X20), 3 lantai, lb 300m2, SHM, 5+2kt, 5km, jalan 2 mobil Hrg 3.6m nego Kpr bank di bantu KPR BISA DIBANTU INFO DAN SURVEY HUB: DHYANA 0818398xxx FAST RESPONSE VIA WA VISIT MY INSTAGRAM: @dhy_property [HUB: DHYANA 0818398xxx] Segera hubungi kami untuk berkonsultasi dan mendapatkan SEMUA informasi seputar properti pada area ini ( HOT listing, harga pasaran, harga BU, dan lokasi terbaik ) - Your best property service agency in Indonesia. Mohon cantumkan nomor whatsap Anda agar bisa segera Dhyana hubungi Thx', 7, 5, 0, 184, 'jual', 'SHM - Sertifikat Hak Milik', '0000-00-00 00:00:00', '2021-12-24 05:35:12'),
(536, 1, 'ID00079', 'Baru mewah kompleks(ada artis) besar di jln raya jakarta selatan', 'Rumah', ' Jakarta Selatan', 'Jagakarsa', 1850000000, 'Rumah cluster warung sila Lt. : 89 Lb. : 130 Suratnya : SHM Kt. : 3+1 Km: 4+1 Watt : 2200 Fasilitas apa saja : carport 2 mobil, instalasi air panas, free kitchen set KPR dibantu Harga jual : 1,85', 3, 3, 2, 88, 'jual', 'SHM - Sertifikat Hak Milik', '0000-00-00 00:00:00', '2021-12-24 05:35:12'),
(537, 1, 'ID00080', 'RUMAH MURAH NYAMAN di JAKARTA PUSAT', 'Rumah', ' Jakarta Pusat', 'Senen', 392000000, 'Hunian yg cantik dan nyaman di Kalibaru Timur Kec SenenLokasi sangat strategis dan dekat ke pusat perbelanjaan dan pusat pendidikan. Hunian cocok utk keluarga yg mempunyai kesibukan di kota Jakarta. Dan mempunyai nilai investasi tinggi.', 2, 1, 0, 18, 'jual', 'SHM - Sertifikat Hak Milik', '0000-00-00 00:00:00', '2021-12-24 05:35:13'),
(538, 1, 'ID00081', 'Rumah murah dan mewah di pusat kota bisnis Jakarta Pusat', 'Rumah', ' Jakarta Pusat', 'Gunung Sahari', 855000000, 'Mau Invest atau ingin punya rumah sendiri di Jakarta? \nkami hadir utk anda memberikan solusi terbaik. \nRumah dengan desain mewah harga terjangkau dan lokasi sangat strategis. \nDekat :\n1. Ancol, Mangga dua square \ndekat dengan pusat perbelanjaan dan pusat pendidikan. \n\nSpesifikasi:\n1. Pondasi Cakar Ayam\n2. Rangka atap baja ringan\n3. Dinding hebel\n4. Pintu kayu, jendela aluminium\n5. Closet duduk\n6. Air PAM listrik 2200 watt\n7. SHM', 3, 2, 1, 29, 'jual', 'SHM - Sertifikat Hak Milik', '0000-00-00 00:00:00', '2021-12-24 05:35:13'),
(539, 1, 'ID00082', 'Rumah Full Furnish Posisi Hook dengan Private Pool di Sentul City', 'Rumah', ' Bogor', 'Sentul City', 3900000000, 'Beberapa alasan mengapa membeli property di kawasan Sentul City ini :\n- Investasi menjanjikan pertahun 20%-30%.\n- Sertifikat terjamin.\n- Exit tol Sentul City langsung menuju area kawasan perumahan.\n- Aman (one gate, one cluster security 24 jam).\n- Udara bersih, sejuk, segar.\n- Kontur tanah berbukit (upslope, level, downslope).\n- Bebas banjir areal luas 3100 hektar.\n- View indah (golf, danau, sungai pegunungan).\n- Nilai investasi rumah Bellanova, IKEA, RS EMC Sentul, Wisata Jungle Land, Pasar Ah poong Sentul, Eco Park, Sentul Highlands Golf Club, Taman Budaya Edutainment Centre, SICC Sentul, Hotel Harris, Wattana Hotel, Savana Hotel, Sampoerna Academy, Sekolah Pelita Harapan, BPK Penabur Fajar Hidayah, Universitas Trisakti, Universitas Tazkia\n\nKita juga melayani untuk pembangunan, renovasi, perencanaan pembangunan, dan lain-lain di kawasan Sentul City dan sekitarnya.', 3, 3, 2, 288, 'jual', 'SHM - Sertifikat Hak Milik', '0000-00-00 00:00:00', '2021-12-24 05:35:13'),
(540, 1, 'ID00083', 'DHYANA RUMAH BAGUS UK 5x20m BANGUNAN KOKOH DI JELAMBAR', 'Rumah', ' Jakarta Barat', 'Jelambar', 3250000000, 'DIJUAL RUMAH [HUB: DHYANA 0818398xxx FAST RESPONSE VIA WA ^_^)] FREE KONSULTASI KPR (BCA, PANIN, UOB, CIMB, BNI, Danamon, Permata, dll\n\nRumah Kondisi Bagus Seperti Baru di Jelambar uk 5x20m, 3,5 lantai, kt.2 km 3, SHM carport bisa 2 mobil Hadap Utara Lantai 1 dan 2 Plonk cocok potong bahan, konveksi dll listrik 7700 watt, air PAM semi furnished lebar jalan 2 mobil\nHrg 3.25m nego\n\nKPR BISA DIBANTU\nINFO DAN SURVEY HUB: DHYANA 0818398xxx\nFAST RESPONSE VIA WA\nVISIT MY INSTAGRAM: @dhy_property\n\n[HUB: DHYANA 0818398xxx] Segera hubungi kami untuk berkonsultasi dan mendapatkan SEMUA informasi seputar properti pada area ini ( HOT listing, harga pasaran, harga BU, dan lokasi terbaik ) - Your best property service agency in Indonesia.\n\nMohon cantumkan nomor whatsap Anda agar bisa segera Dhyana hubungi Thx', 2, 3, 0, 100, 'jual', 'SHM - Sertifikat Hak Milik', '0000-00-00 00:00:00', '2021-12-24 05:35:13'),
(541, 1, 'ID00084', 'RUMAH KEREN DAN ELEGAN BERSEBELAHAN DENGAN GADING SERPONG', 'Rumah', ' Tangerang', 'Kelapa Dua', 2160000000, 'Rumah Mewah 2 Lantai yang Mempunyai Desain super Bagus Dengan konsep Mewah Dan Minimalis sangat cocok buat Kaum milenial dan keluarga baru\n\n* LOKASI * \n\n?? 5 KM Ke Pintu Tol Lippo karawaci\n?? 6 KM ke Pintu Tol Gading Serpong Tangerang\n?? 5 KM ke Rencana Tol Kegok on Progres\n\n* FASILITAS * \n\n?? CLUB HOUSE\n?? KOLAM RENANG \n?? JOGGING TRACK\n?? GOLDEN PLAZA\n?? KOMERSIL AREA\n?? KEAMANAN 24 JAM CCTV\n?? ONE GET SISTEM\n\n* PUSAT PERBELANJAAN * \n\n?? 15 Menit kepasar Sipanza Dan pasar modern Gading Serpong\n?? 15 Menit ke Sumarecon Gading Serpong\n?? 15 Menit ke Super mall Lippo karawaci\n?? 20 Menit ke AEON Mall \n\n* PENDIDIKAN * \n\n?? AL AZHAR ISLAMIC\n?? PENABUR\n?? TARAKANITA\n?? STELA MARIS\n?? UMN GADING SERPONG\n?? UPH LIPPO KARAWACI\n?? UNIVERSITAS PRASETYA MULYA\n\n* RUMAH SAKIT * \n\n?? SILOAM\n?? MENTARI\n?? MITRA KELUARGA\n?? BETHSAIDA\n?? MURNI ASIH\n\nSegerah miliki Rumah Cantik Dan Elegant ini..\n\nUntuk info Lengkap segera hubungi : \n\nRIANA / Marketing', 4, 3, 0, 120, 'jual', 'SHM - Sertifikat Hak Milik', '0000-00-00 00:00:00', '2021-12-24 05:35:13'),
(542, 1, 'ID00085', 'Rumah 2lantai murah desain milinial dekat MRT fatmawati', 'Rumah', ' Jakarta Selatan', 'Jagakarsa', 1490000000, 'Rumah dengan desain milineal \nLokasi jakarta selatan\nDekat stasiun MRT fatmawati\nDekat dengan stasiun lenteng agung dan tanjung barat\nDekat pintu tol krukut dan brigift', 3, 2, 2, 85, 'jual', 'SHM - Sertifikat Hak Milik', '0000-00-00 00:00:00', '2021-12-24 05:35:13'),
(543, 1, 'ID00086', 'Rumah Cibubur Depok Konsep Bali 5 Menit ke Pintu Tol', 'Rumah', ' Depok', 'Cibubur', 782000000, 'INFO: Untuk respon lebih cepat, bisa hubungi kami via Whatsapp \nNOTE: Simulasi Angsuran resmi hanya bisa didapatkan via info Whatsapp (BUKAN/ABAIKAN SIMULASI ANGSURAN DI WEBSITE INI) \n\nJalan Jambore, Cibubur-Harjamukti, Kota Depok \n\nHunian konsep Bali dengan Lokasi Eksklusif dan Sangat Hijau Memberikan Kenyamanan dan Keamanan kepada Setiap Penghuninya. \nKelebihan perumahan kami SUPER STRATEGIS karena: \n- Hanya 5 menit ke Pintu Tol Cibubur \n- Hanya 5 menit ke Cibubur Junction \n- Hanya 5 menit ke RS Meilia Cibubur \n- 10 Menit dari Fasilitas pendidikan, seperti SD Al Azhar, SMP Negeri, atau SMA/SMK Negeri \n- 10 menit dari Taman Rekreasi Wiladatika \n- Dikelilingi Banyak Alfamart dan Indomaret \n\nKODE: DPK-KRC2-1LT \n\nIngin info lebih lanjut? Informasi dan Konsultasi \nHubungi : 0812-8981-6xxx (Hakim) \nvia WA untuk Fast Response \n\nParadice Property Innovative Property Trading and Consulting', 2, 1, 2, 102, 'jual', 'SHM - Sertifikat Hak Milik', '0000-00-00 00:00:00', '2021-12-24 05:35:13'),
(544, 1, 'ID00087', 'CHANDRA RUMAH HOEK JELAMBAR UK 10,5X15m JALAN 2 MOBIL BEBAS BANJIR', 'Rumah', ' Jakarta Barat', 'Jelambar', 3450000000, 'Rumah hoek di jelambar\nUk 10.5x15m..2lt..shm..4+1kt, 5km, jln 2 mboil, \nHrg 3.5m ng\n\nKpr bank dibantu Hub chandra 08128169xxx Follow my IG @chandrajelambar', 5, 5, 0, 157, 'jual', 'SHM - Sertifikat Hak Milik', '0000-00-00 00:00:00', '2021-12-24 05:35:13'),
(545, 1, 'ID00088', 'Rumah Baru full Bata merah Harga nego Dalam cluster', 'Rumah', ' Jakarta Selatan', 'Lebak Bulus', 2700000000, 'LEBAK BULUS\r\n\r\n- Free Kitchen set\r\n- Free AC 3 unit\r\n\r\nSpesifikasi :\r\n\r\nBangunan Tahun : 2021\r\nSHM,IMB&PBB (pecah per kavling)\r\nLB : 160m2\r\nLT  : 114m2 \r\n2 Lantai\r\nKT  : 3+1\r\nKM : 5\r\nDinding Full Bata Merah\r\nLantai : Full granit\r\nDapur :  Granit\r\nKamar mandi : keramik lokal (roman)\r\nKusen pintu : Alumunium\r\nPintu : Kayu Kamper Oven\r\nPlafon : gypsum\r\nAtap : Baja ringan & genteng keramik\r\nSanitasi : Toto\r\nToren \r\nPerabotan : Unfurnished\r\nListrik : Daya 3500watt Prabayar\r\nGarasi : Carpot 2 mobil\r\nBangunan Menghadap :?Barat\r\nSumber Air : JetPump \r\nAkses Jalan :  Mobil?\r\nBebas Banjir : Ya\r\n\r\nLokasi dalam cluster \r\nOne gate system & security 24 jam\r\n\r\nHarga\r\n*2,7M (nego)*\r\n\r\nPembayaran\r\n> KPR\r\n> Cash', 4, 4, 2, 117, 'jual', 'SHM - Sertifikat Hak Milik', '0000-00-00 00:00:00', '2021-12-24 05:35:14'),
(546, 1, 'ID00089', 'RUMAH MEWAH  LOKASI BAGUS DI TAMAN VILLA MERUYA KODE2042', 'Rumah', ' Jakarta Barat', 'Meruya', 3250000000, 'SEBUTKAN KODE IKLAN : 2041\n\nHUB 087782421xxx\nHUB 087782421xxx\nHUB 087782421xxx\n\nFREE Konsultasi KPR (BCA, PANIN, CIMB, BNI, Danamon, Permata, dll)\n\nTAMAN VILLA MERUYA\nbaru renov\n\nLT 162m\nLB 240m\nKT 4 KM 3 \n2 Lantai\n2 Water Heater \n5 unit AC\n\n3.25m\n\nKami juga melayani Anda dalam hal :\n- Jual Beli\n- KPR\n- BI Checking\n- Bangun / renov\n\nSegera hubungi kami untuk berkonsultasi dan mendapatkan informasi seputar property pada area ini (HOT Listing, harga pasaran dan Lokasi terbaik)', 4, 3, 1, 162, 'jual', 'SHM - Sertifikat Hak Milik', '0000-00-00 00:00:00', '2021-12-24 05:35:14'),
(547, 1, 'ID00090', 'Termurah Baru mewah luas 300   Kemang', 'Rumah', ' Jakarta Selatan', 'Kemang', 5200000000, 'Lt 196m2\nLb +/- 300m2\nKamar 4\nKmr mandi 3\nMaid room 2,toilet 1\nGarasi 1 mobil \nCarport 2 mobil', 4, 3, 1, 196, 'jual', 'SHM - Sertifikat Hak Milik', '0000-00-00 00:00:00', '2021-12-24 05:35:14'),
(548, 1, 'ID00091', 'ANA*RUMAH MURAH HARGA NJOP UK 11.5X24.6  2LT DI KOMP. TAMAN HARAPAN INDAH, JELAMBAR', 'Rumah', ' Jakarta Barat', 'Jelambar', 5500000000, 'Rumah asri uk 11.5x24.6m 2lt di taman harapan indah jelambar TURUN HARGA DARI 6,5. Milyar; .. HOT SALE BARANG BAGUS SEKALI !! *JUAL HARGA NJOP 2021 !! LT.283M (11.5X24.6), 2 LT, 6+2KT, 4+1KM, SHM LOKASI BEBAS BANJIR ADA TAMAN BAGIAN DEPAN BELAKANG VOID LEBAR LB 400 LT 283 KT 6 KM 5 2 Lantai RUMAH ASRI UK 11.5X24.6M DI KOMPLEK TAMAN HARAPAN INDAH, JELAMBAR INFO SURVEY : ANA 085215051xxx FAST RESPONSE VIA WA FOLLOW MY IG @anajelambar FOR UPDATE LISTING DI DAERAH JELAMBAR.', 6, 5, 2, 283, 'jual', 'SHM - Sertifikat Hak Milik', '0000-00-00 00:00:00', '2021-12-24 05:35:14'),
(549, 1, 'ID00092', 'Rumah viral luas 50m ada balkon', 'Rumah', ' Tangerang', 'Kelapa Dua', 995000000, 'Dijual rumah 2 lantai di Karawaci \nDekat dengan pintu tol\nDekat dengan Sekolah\nDekat dengan Rumah sakit \nDekat dengan Area commercial\nDekat dengan Mall\nLokasi sangat strategis', 3, 2, 0, 50, 'jual', 'SHM - Sertifikat Hak Milik', '0000-00-00 00:00:00', '2021-12-24 05:35:14'),
(550, 1, 'ID00093', 'Rumah 2 Lantai dengan Rooftop Depok Eksklusif 10 menit ke Pintu Tol Cimanggis', 'Rumah', ' Depok', 'Cimanggis', 836000000, 'INFO: Untuk respon lebih cepat, bisa hubungi kami via Whatsapp\nNOTE: Simulasi Angsuran resmi hanya bisa didapatkan via info Whatsapp (BUKAN/ABAIKAN SIMULASI ANGSURAN DI WEBSITE INI)\n\nJalan Perkapuran, Cimanggis-Tapos, Depok\n\nTownhouse Eksklusif Lokasi Strategis dekat 2 Pintu Tol di Depok Dilengkapi dengan Rooftop dengan Pemandangan yang Indah!! UNIT TERBATAS!!\n\nKELEBIHAN Perumahan Kami:\n- Nyaman dan Eksklusif\n- 10 Menit ke Pintu Tol Cimanggis dan Tol Cisalak\n- 10 Menit ke Stasiun LRT Cimanggis\n- 10 Menit ke Jalan Raya Margonda dan 5 Menit ke Jalan Raya Bogor\n- 15 Menit ke Stasiun Pondok Cina\n- Akses Mudah ke Mal: Pesona Square, Margo City, dan DeToS\n- Dikelilingi Fasilitas Kesehatan: RS Mitra Keluarga, RS Hermina, dan RS Bunda Margonda\n\nKODE: DPK-ALMERIAPRCMGS\n\nIngin info lebih lanjut?\nInformasi dan Konsultasi\nHubungi : 0812-8981-6xxx (Hakim Afrianto)\nvia WA untuk Fast Response\n\nParadice Property\nInnovative Property Trading and Consulting', 3, 2, 1, 60, 'jual', 'SHM - Sertifikat Hak Milik', '0000-00-00 00:00:00', '2021-12-24 05:35:14'),
(551, 1, 'ID00094', 'Rumah minimalis tropis siap huni dekat LRT dan Toll di Jatiwaringin Bekasi', 'Rumah', ' Bekasi', 'Jatiwaringin', 1630000000, 'Hunian terbaru kami berkonsep minimalist tropis elegant\n\nKelebihan- kelebihan dari hunian kami :\n- Telah terbukti tidak banjir\n- Memiliki taman depan & belakang\n- Sirkulasi udara & pencahayaan yang baik\n- Air tanah yang baik \n- Hanya 15 menit dari gerbang tol jatiwaringin\n- Dekat stasiun LRT\n- Dekat pasar tradisional & pasar modern\n- Dekat pusat pemerintahan Kota Bekasi\n- Dekat perkantoran & perbankan\n- Dekat Hospital & sekolah\n- Dekat tempat ibadah\n- dll\n\nSpesifikasi :\n- Luas Tanah : 114m\n- Luas Bangun an : 113m\n- Pondasi batu kali cakar ayam\n- Dinding full Bata merah\n- Kusen Aluminium\n- Pintu kayu panel solid\n- Lantai granite 60x60\n- Atap rangka Baja\n- Genteng beton\n- Kloset duduk & jongkok\n- Listrik 2200W\n- Air jet pump \n- Carport 2 mobil\n- Toren air\n- 3 + 1 KT \n- 2 + 1 KM \n- R tamu \n- R keluarga\n- Dapur\n- SHM\n- IMB\n\nHarga : Rp 1.630.000.xxx,- nego', 3, 2, 0, 114, 'jual', 'SHM - Sertifikat Hak Milik', '0000-00-00 00:00:00', '2021-12-24 05:35:14'),
(552, 1, 'ID00095', 'Rumah classic siap huni free kitchen set dan kompor tanam di jl m kahfi 1 .dalam cluster 12 unit', 'Rumah', ' Jakarta Selatan', 'Jagakarsa', 1520000000, 'Rumah Classic Eropa dalam cluster di JL. M Kahfi 1 Ciganjur.\n\nHarga : 1.525 M Nego \n\nBONUS\n? KITCHEN SET\n? KOMPOR TANAM\n\n* Akses 2 mobil\n* Raw jalan dalam cluster 4,8 meter\n* One gate security 24 jam\n* -+40 meter dari jalan raya M Kahfi 1\n\nCash / KPR \n\n\n- Sertifikat : Hak Milik ( SHM ) \n- Surat Ijin Membangun ( IMB ) \n- Luas tanah : 77m2 \n- Luas bangunan : 135 m2 \n- Kamar tidur : 3+1\n- Kamar mandi : 3+1\n- 2 Lantai \n- Carport \n- Di dukung dengan Bahan bangunan yg berkualitas \n- Bebas banjir \n- Lokasi Aman, Nyaman dan Masih Asri\n\nSpesifikasi:\n\n* Pondasi batukali dan cakar ayam\n* Beton bertulang besi 8,10 dan 12\n* Full bata merah\n* Lantai granit 60x60\n* Kusen pintu dan jendela kayu meranti\n* Reling tangga dan balkon\n* Sumber air sumur bor jetpump ( klualitas air jernih )\n* Mesin pendorong + toren \n* cat finishing interior vinilex/setara\n* cat finishing exsterior jotun/dulux\n\n\nNb : Tanpa Perantara!!! \n\nBisa langsung nego dengan pemilik..\n\n( Jasa Kami GRATIS Untuk Anda )\n\nMaaf kalo ingin surfey lokasi buat janji terlebih dahulu.. \n\nTERIMA KASIH', 4, 4, 2, 77, 'jual', 'SHM - Sertifikat Hak Milik', '0000-00-00 00:00:00', '2021-12-24 05:35:14'),
(553, 1, 'ID00096', 'Cluster ekslusif 2 lantai lokasi premium dan strategis dekat Tol Simatupang dan stasiun KRL', 'Rumah', ' Jakarta Selatan', 'Jagakarsa', 4500000000, 'Listing ini merupakan Verified Listing 99 Group (Rumah123 & 99)\nTim 99 Group sudah melakukan pengecekan dokumen, lokasi asli, dan harga sesuai\nSilahkan laporkan dan dapatkan kompensasi apabila listingan bukti tidak sesuai\nPasti Aman, Harga Sesuai, Respon cepat!\n\n\n\nCluster ekslusif 2 lantai lokasi premium dan strategis dekat Tol Simatupang dan stasiun KRL\n\nLokasi : Jalan Raya Lenteng Agung Jakarta Selatan\n\nKav.3 : open 4.5 M nego\nLuas Bangunan 271 m\nLuas Tanah 178 m\n\nKav.4 : open 4.7 M nego\nLuas Bangunan 271 m\nLuas Tanah 185 m\n\nKav.5 : open 5.8 M nego\nLuas Bangunan 279 m\nLuas Tanah 229 m\n\nKamar Tidur 4+1\nKamar Mandi 4+1\nDapur bersih\nDapur kotor\nTaman depan dan belakang\nGarasi 1 mobil\nCarport 1mobil\nListrik 2200 kwh (bisa up 5500 kwh)\nSHM + IMB + PBB\n\nJual kavling (tanah saja)\nKav.6 : open 5.38 M nego\nLuas tanah 269 m\n\nSelling Point :\n- Lokasi Cluster Pinggir Jalan\n- One gate system\n- security 24 jam\n- Row jalan 6 meter\n- Dekat Tol Simatupang\n- Dekat Stasiun KRL Tanjung Barat\n- Akses Angkutan Umum dekat\n- Dekat Halte Busway Ragunan\n- Dekat Stasiun KRL Tanjung Barat\n- Dekar Kampus Pancasila, kampus IISIP\n- Dekat Sekolahan SD, SMP, SMU\n- Dekat Puskesmas Dan RSUD pasar minggu\n- Dekat Mall AEON tanjung barat', 4, 4, 1, 178, 'jual', 'SHM - Sertifikat Hak Milik', '0000-00-00 00:00:00', '2021-12-24 05:35:14'),
(554, 1, 'ID00097', 'Rumah mewah resort style area elite pejaten barat sangat bagus di jamin betah..harga muraaaah', 'Rumah', ' Jakarta Selatan', 'Kemang', 27000000000, 'HOT SALE BEST PRICE!!\n\nFOR SALE KEMANG \nLUXURIOUS TROPICAL HOUSE \nHALAMAN SANGAT LUAS\nAKSES JALAN LEBAR\n\nLuas Tanah 1.270 m2\nLuas Bangunan 800 m2\n5 Kamar Tidur\n5 Kamar Mandi\n2 Kamar pembantu\n1 kamar mandi pembantu\n1 Pos satpam\nSwimming Pool\nHalaman depan & belakang luas\nGarasi 2 mobil\nCarport muat 10 Mobil\n\nHarga Rp 27 M \n\nMore Info\nElvin 08170201xxx\nSouhtern.comfort777', 5, 5, 2, 1270, 'jual', 'SHM - Sertifikat Hak Milik', '0000-00-00 00:00:00', '2021-12-24 05:35:14'),
(555, 1, 'ID00098', 'Rumah Murah 2 Lantai di Pasar Rebo Jakarta Timur', 'Rumah', ' Jakarta Timur', 'Ciracas', 748000000, 'Perumahan Islami dengan lokasi strategis dan harga bersaing dengan lokasi Tanah Merdeka dekat terminal Kp Rambutan\n. \nTipe 53/50\n.\nSelling Point :\n- 100m ke RS Jantung Binawaluya\n- 100m ke Halte Busway TB Simatupang,Kp Rambutan\n- 100m ke Kampus UHAMKA\n- 600m ke Pintu Tol Dukuh 2\n- 2km ke Terminal Kp.Rambutan\n- 2km ke LRT Kp.Rambutan\n- 1,2km ke TMII\n- 1,3km ke Mesjid Agung At Tien\n- 1,35km ke Padepokan Pencak Silat\n- 1,5km ke Mall Tamini Square\n- 3km ke Mabes TNI Cilangkap\n- 500m ke RS Harapan Bunda\n- 1km ke RS Pasar Rebo\n- 2km ke Mako Kopassus,Cijantung\n- 1,8km ke Mall Cijantung\n- 4km ke Stasiun Tanjung Barat.\n- 2km ke Pasar Induk Kramatjati\n- 4,5 ke Bandara Halim Perdana Kusuma\n- 5km ke Universitas Gunadarma,Depok\n- 7km ke Universitas Indonesia\n- 2km ke Asrama Haji,Pondok Gede\n- 1km ke Kantor Pusat Jasamarga\n.\njangan sampai keduluan yang lain. Investasi terbaik di Jakarta Timur. Mana lagi harga rumah 2 lantai semurah ini di dekat Terminal Kampung Rambutan?', 3, 2, 0, 50, 'jual', 'SHM - Sertifikat Hak Milik', '0000-00-00 00:00:00', '2021-12-24 05:35:14'),
(556, 1, 'ID00099', 'RUMAH SIAP HUNI CLUSTER CAELUS @GREENWICH PARK BSD CITY - BERADA DI PUSAT KOTA BSD - DEKAT DENGAN AEON MALL DAN SUMARECON MALL SERPONG', 'Rumah', ' Tangerang', 'BSD City', 4700000000, 'RUMAH SIAP HUNI DI KAWASAN PREMIUM BSD CITY! \n\nCAELUS @ Greenwich Park BSD CITY\nYour Home, Your Resort!\n\nCluster CAELUS berada dikawasan Greenwich Park BSD City\nCluster Caelus di lengkapi fasilitas 1.6 Ha Lagoon Pool, dan dapat dilalui menggunakan Connectivity Path. Benar-benar Trully resort!\n\nLokasi Sangat Dekat Dengan :\n- Sekolah IPEKA Plus, JNY, SWA, Binus, Dll\n- Kampus Prasmul, Atmajaya, UMN\nAeon Mall, Plaza BSD, The Breeze, ITC, SDC\n- Pasar Modern 2, Intermoda, QBIG & Exit Toll\n- RS Eka Hospital, RS Medika, RS Bethsaida, & RS St.Carolus.\n\nCluster CAELUS didesain khusus oleh arsitek ternama Denny Gondo dengan Keistimewaan :\n- Minimalis Tropical Arsitektur\nSpecial Attic Room (Santuary Room with Sky View)\n- Smart Home System with Smart Lighting\n- Sky Balcony\n\nLengkap dengan:\n4 Kamar Tidur + 1\n3 Kamar Mandi + 1\n1 Powder Room\n2 Carpott dengan Canopy Beton', 4, 4, 2, 190, 'jual', 'SHM - Sertifikat Hak Milik', '0000-00-00 00:00:00', '2021-12-24 05:35:15'),
(557, 1, 'ID00100', 'CARI RUMAH MEWAH HARGA MURAH DEKAT STASIUN SINI MERAPAT', 'Rumah', ' Tangerang Selatan', 'Bintaro', 699000000, 'PROMO AKHIR TAHUN DISC.UP TO 30JT\'AN\nFREE SURAT ALL IN SAMPAI SHM\nFREE DESIGN LAYOUT DALAM \nFREE 1UNIT AC\n\nKALIAN TINGGAL PILIH LOKASI MAU DEKAT STASIUN SUDIMARA ATAU STASIUN JURANGMANGU MASIH 1KAWASAN DIBINTARO\nSTOCK YANG MASIH AVAILABLE SAAT INI 4UNIT .\n\nRUMAH2LT TYPE 48/60\nVARIATIF ADA LUAS TANAH YANG DIATAS 60 JUGA ####YUK BURUAN CEK.LOKASI\nMAU CICILAN JUGA BISA , FLAT SELAMA 15TH.\n\nINFO LEBIH LANJUT MENGENAI VIDEO RUMAH DAN SPEK BANGUNAN LANGSUNG CHAT NAYA AJAHHHH ###\nYUKYUKYUKKKK', 3, 2, 0, 62, 'jual', 'SHM - Sertifikat Hak Milik', '0000-00-00 00:00:00', '2021-12-24 05:35:15'),
(558, 1, 'ID00101', 'Rumah cantik The Orcahard cluster Olive di Summarecon bekasi', 'Rumah', ' Bekasi', 'Summarecon Bekasi', 1530000000, 'DIJUAL Rumah cantik The Orcahard cluster Olive di Summarecon bekasi\n\nCluster Olive REC 05\n\nLt 77 lb 83\nPremium..\nKT 3 +1\nKM 3 +1\n\nReposisi harga 1.535.000.xxx', 4, 4, 0, 77, 'jual', '-', '0000-00-00 00:00:00', '2021-12-24 05:35:15');

-- --------------------------------------------------------

--
-- Table structure for table `listing_facilities`
--

CREATE TABLE `listing_facilities` (
  `id` bigint(20) UNSIGNED NOT NULL,
  `listing_id` bigint(20) UNSIGNED NOT NULL,
  `carport` tinyint(1) NOT NULL,
  `garden` tinyint(1) NOT NULL,
  `gym` tinyint(1) NOT NULL,
  `swimming_pool` tinyint(1) NOT NULL,
  `security` tinyint(1) NOT NULL,
  `restaurant` tinyint(1) NOT NULL,
  `created_at` timestamp NULL DEFAULT NULL,
  `updated_at` timestamp NULL DEFAULT NULL
) ENGINE=InnoDB DEFAULT CHARSET=utf8mb4 COLLATE=utf8mb4_unicode_ci;

--
-- Dumping data for table `listing_facilities`
--

INSERT INTO `listing_facilities` (`id`, `listing_id`, `carport`, `garden`, `gym`, `swimming_pool`, `security`, `restaurant`, `created_at`, `updated_at`) VALUES
(183, 458, 0, 0, 1, 0, 1, 1, '2021-12-24 05:37:04', '2021-12-24 05:37:04'),
(184, 459, 1, 1, 1, 0, 0, 0, '2021-12-24 05:37:04', '2021-12-24 05:37:04'),
(185, 460, 0, 0, 1, 0, 1, 1, '2021-12-24 05:37:04', '2021-12-24 05:37:04'),
(186, 461, 1, 0, 0, 0, 1, 1, '2021-12-24 05:37:04', '2021-12-24 05:37:04'),
(187, 462, 1, 0, 0, 0, 0, 1, '2021-12-24 05:37:04', '2021-12-24 05:37:04'),
(188, 463, 1, 0, 0, 1, 0, 1, '2021-12-24 05:37:04', '2021-12-24 05:37:04'),
(189, 464, 0, 1, 0, 0, 1, 1, '2021-12-24 05:37:04', '2021-12-24 05:37:04'),
(190, 465, 0, 0, 1, 0, 1, 0, '2021-12-24 05:37:04', '2021-12-24 05:37:04'),
(191, 466, 0, 1, 0, 1, 1, 1, '2021-12-24 05:37:04', '2021-12-24 05:37:04'),
(192, 467, 0, 0, 1, 0, 0, 0, '2021-12-24 05:37:04', '2021-12-24 05:37:04'),
(193, 468, 0, 1, 0, 1, 0, 0, '2021-12-24 05:37:04', '2021-12-24 05:37:04'),
(194, 469, 1, 1, 1, 1, 0, 0, '2021-12-24 05:37:04', '2021-12-24 05:37:04'),
(195, 470, 1, 1, 1, 1, 1, 0, '2021-12-24 05:37:04', '2021-12-24 05:37:04'),
(196, 471, 0, 1, 0, 1, 1, 1, '2021-12-24 05:37:04', '2021-12-24 05:37:04'),
(197, 472, 0, 1, 0, 1, 1, 0, '2021-12-24 05:37:05', '2021-12-24 05:37:05'),
(198, 473, 1, 1, 1, 0, 0, 0, '2021-12-24 05:37:05', '2021-12-24 05:37:05'),
(199, 474, 0, 0, 1, 1, 1, 0, '2021-12-24 05:37:05', '2021-12-24 05:37:05'),
(200, 475, 0, 1, 1, 0, 0, 1, '2021-12-24 05:37:05', '2021-12-24 05:37:05'),
(201, 476, 1, 1, 0, 0, 1, 0, '2021-12-24 05:37:05', '2021-12-24 05:37:05'),
(202, 477, 1, 1, 1, 0, 1, 0, '2021-12-24 05:37:05', '2021-12-24 05:37:05'),
(203, 478, 0, 0, 0, 1, 0, 1, '2021-12-24 05:37:05', '2021-12-24 05:37:05'),
(204, 479, 1, 0, 0, 0, 0, 1, '2021-12-24 05:37:05', '2021-12-24 05:37:05'),
(205, 480, 0, 0, 1, 0, 1, 0, '2021-12-24 05:37:05', '2021-12-24 05:37:05'),
(206, 481, 1, 1, 0, 0, 1, 1, '2021-12-24 05:37:05', '2021-12-24 05:37:05'),
(207, 482, 1, 1, 0, 0, 0, 0, '2021-12-24 05:37:05', '2021-12-24 05:37:05'),
(208, 483, 0, 1, 0, 0, 1, 0, '2021-12-24 05:37:05', '2021-12-24 05:37:05'),
(209, 484, 1, 1, 0, 0, 0, 1, '2021-12-24 05:37:05', '2021-12-24 05:37:05'),
(210, 485, 0, 1, 1, 0, 1, 0, '2021-12-24 05:37:05', '2021-12-24 05:37:05'),
(211, 486, 1, 1, 0, 1, 1, 0, '2021-12-24 05:37:05', '2021-12-24 05:37:05'),
(212, 487, 1, 1, 0, 0, 0, 0, '2021-12-24 05:37:05', '2021-12-24 05:37:05'),
(213, 488, 1, 0, 1, 0, 0, 1, '2021-12-24 05:37:05', '2021-12-24 05:37:05'),
(214, 489, 0, 0, 1, 1, 1, 1, '2021-12-24 05:37:05', '2021-12-24 05:37:05'),
(215, 490, 0, 0, 0, 1, 0, 0, '2021-12-24 05:37:05', '2021-12-24 05:37:05'),
(216, 491, 0, 1, 1, 0, 0, 1, '2021-12-24 05:37:05', '2021-12-24 05:37:05'),
(217, 492, 1, 0, 0, 1, 1, 0, '2021-12-24 05:37:05', '2021-12-24 05:37:05'),
(218, 493, 0, 1, 1, 0, 1, 0, '2021-12-24 05:37:05', '2021-12-24 05:37:05'),
(219, 494, 0, 0, 1, 0, 1, 0, '2021-12-24 05:37:05', '2021-12-24 05:37:05'),
(220, 495, 0, 1, 1, 1, 0, 1, '2021-12-24 05:37:05', '2021-12-24 05:37:05'),
(221, 496, 1, 0, 1, 1, 0, 0, '2021-12-24 05:37:05', '2021-12-24 05:37:05'),
(222, 497, 0, 0, 1, 1, 0, 1, '2021-12-24 05:37:05', '2021-12-24 05:37:05'),
(223, 498, 1, 1, 0, 1, 0, 0, '2021-12-24 05:37:06', '2021-12-24 05:37:06'),
(224, 499, 0, 1, 1, 1, 0, 1, '2021-12-24 05:37:06', '2021-12-24 05:37:06'),
(225, 500, 0, 0, 0, 1, 1, 1, '2021-12-24 05:37:06', '2021-12-24 05:37:06'),
(226, 501, 1, 1, 0, 0, 1, 0, '2021-12-24 05:37:06', '2021-12-24 05:37:06'),
(227, 502, 0, 0, 1, 0, 1, 1, '2021-12-24 05:37:06', '2021-12-24 05:37:06'),
(228, 503, 0, 0, 1, 1, 0, 0, '2021-12-24 05:37:06', '2021-12-24 05:37:06'),
(229, 504, 0, 0, 1, 0, 0, 1, '2021-12-24 05:37:06', '2021-12-24 05:37:06'),
(230, 505, 1, 0, 0, 0, 0, 0, '2021-12-24 05:37:06', '2021-12-24 05:37:06'),
(231, 506, 0, 1, 1, 0, 1, 0, '2021-12-24 05:37:06', '2021-12-24 05:37:06'),
(232, 507, 1, 0, 1, 0, 0, 0, '2021-12-24 05:37:06', '2021-12-24 05:37:06'),
(233, 508, 1, 1, 1, 1, 0, 1, '2021-12-24 05:37:06', '2021-12-24 05:37:06'),
(234, 509, 0, 0, 0, 1, 1, 1, '2021-12-24 05:37:06', '2021-12-24 05:37:06'),
(235, 510, 1, 0, 1, 0, 1, 0, '2021-12-24 05:37:06', '2021-12-24 05:37:06'),
(237, 512, 0, 1, 0, 1, 1, 1, '2021-12-24 05:37:06', '2021-12-24 05:37:06'),
(238, 513, 0, 1, 1, 0, 1, 0, '2021-12-24 05:37:06', '2021-12-24 05:37:06'),
(239, 514, 0, 1, 0, 1, 1, 1, '2021-12-24 05:37:06', '2021-12-24 05:37:06'),
(240, 515, 0, 0, 0, 1, 1, 0, '2021-12-24 05:37:06', '2021-12-24 05:37:06'),
(241, 516, 1, 0, 0, 0, 1, 0, '2021-12-24 05:37:06', '2021-12-24 05:37:06'),
(242, 517, 0, 1, 0, 0, 1, 0, '2021-12-24 05:37:06', '2021-12-24 05:37:06'),
(243, 518, 1, 0, 1, 0, 0, 1, '2021-12-24 05:37:06', '2021-12-24 05:37:06'),
(244, 519, 0, 0, 0, 0, 1, 1, '2021-12-24 05:37:06', '2021-12-24 05:37:06'),
(245, 520, 1, 0, 0, 0, 1, 1, '2021-12-24 05:37:06', '2021-12-24 05:37:06'),
(246, 521, 1, 1, 1, 0, 0, 0, '2021-12-24 05:37:06', '2021-12-24 05:37:06'),
(247, 522, 0, 1, 1, 0, 1, 1, '2021-12-24 05:37:06', '2021-12-24 05:37:06'),
(248, 523, 1, 1, 0, 0, 1, 0, '2021-12-24 05:37:07', '2021-12-24 05:37:07'),
(249, 524, 0, 1, 1, 0, 0, 0, '2021-12-24 05:37:07', '2021-12-24 05:37:07'),
(250, 525, 0, 1, 1, 0, 0, 1, '2021-12-24 05:37:07', '2021-12-24 05:37:07'),
(251, 526, 0, 0, 0, 1, 0, 0, '2021-12-24 05:37:07', '2021-12-24 05:37:07'),
(252, 527, 0, 1, 0, 1, 1, 1, '2021-12-24 05:37:07', '2021-12-24 05:37:07'),
(253, 528, 0, 0, 1, 1, 1, 0, '2021-12-24 05:37:07', '2021-12-24 05:37:07'),
(254, 529, 1, 0, 0, 0, 1, 0, '2021-12-24 05:37:07', '2021-12-24 05:37:07'),
(255, 530, 1, 1, 0, 0, 0, 1, '2021-12-24 05:37:07', '2021-12-24 05:37:07'),
(256, 531, 0, 1, 1, 0, 0, 1, '2021-12-24 05:37:07', '2021-12-24 05:37:07'),
(257, 532, 1, 0, 0, 0, 1, 1, '2021-12-24 05:37:07', '2021-12-24 05:37:07'),
(258, 533, 0, 0, 1, 0, 1, 0, '2021-12-24 05:37:07', '2021-12-24 05:37:07'),
(259, 534, 1, 0, 0, 0, 0, 1, '2021-12-24 05:37:07', '2021-12-24 05:37:07'),
(260, 535, 1, 0, 0, 0, 1, 0, '2021-12-24 05:37:07', '2021-12-24 05:37:07'),
(261, 536, 1, 1, 1, 1, 0, 0, '2021-12-24 05:37:07', '2021-12-24 05:37:07'),
(262, 537, 0, 0, 1, 0, 1, 1, '2021-12-24 05:37:07', '2021-12-24 05:37:07'),
(263, 538, 0, 0, 0, 1, 0, 1, '2021-12-24 05:37:07', '2021-12-24 05:37:07'),
(264, 539, 0, 0, 1, 0, 0, 1, '2021-12-24 05:37:07', '2021-12-24 05:37:07'),
(265, 540, 1, 1, 1, 0, 1, 0, '2021-12-24 05:37:07', '2021-12-24 05:37:07'),
(266, 541, 0, 1, 1, 1, 1, 0, '2021-12-24 05:37:07', '2021-12-24 05:37:07'),
(267, 542, 0, 0, 0, 0, 1, 1, '2021-12-24 05:37:07', '2021-12-24 05:37:07'),
(268, 543, 0, 1, 0, 1, 1, 0, '2021-12-24 05:37:07', '2021-12-24 05:37:07'),
(269, 544, 1, 1, 1, 1, 1, 0, '2021-12-24 05:37:07', '2021-12-24 05:37:07'),
(270, 545, 0, 1, 0, 0, 0, 0, '2021-12-24 05:37:08', '2021-12-24 05:37:08'),
(271, 546, 1, 0, 0, 0, 1, 1, '2021-12-24 05:37:08', '2021-12-24 05:37:08'),
(272, 547, 1, 1, 1, 1, 0, 1, '2021-12-24 05:37:08', '2021-12-24 05:37:08'),
(273, 548, 1, 1, 1, 1, 1, 0, '2021-12-24 05:37:08', '2021-12-24 05:37:08'),
(274, 549, 0, 1, 1, 0, 1, 1, '2021-12-24 05:37:08', '2021-12-24 05:37:08'),
(275, 550, 0, 1, 0, 0, 0, 1, '2021-12-24 05:37:08', '2021-12-24 05:37:08'),
(276, 551, 1, 0, 1, 1, 0, 0, '2021-12-24 05:37:08', '2021-12-24 05:37:08'),
(277, 552, 0, 1, 0, 1, 0, 0, '2021-12-24 05:37:08', '2021-12-24 05:37:08'),
(278, 553, 1, 1, 1, 1, 1, 0, '2021-12-24 05:37:08', '2021-12-24 05:37:08'),
(279, 554, 0, 0, 0, 1, 0, 1, '2021-12-24 05:37:08', '2021-12-24 05:37:08'),
(280, 555, 0, 0, 1, 0, 0, 0, '2021-12-24 05:37:08', '2021-12-24 05:37:08'),
(281, 556, 1, 1, 1, 1, 0, 1, '2021-12-24 05:37:08', '2021-12-24 05:37:08'),
(282, 557, 0, 0, 1, 0, 1, 0, '2021-12-24 05:37:08', '2021-12-24 05:37:08'),
(283, 558, 1, 1, 0, 0, 1, 1, '2021-12-24 05:37:08', '2021-12-24 05:37:08');

-- --------------------------------------------------------

--
-- Table structure for table `migrations`
--

CREATE TABLE `migrations` (
  `id` int(10) UNSIGNED NOT NULL,
  `migration` varchar(255) COLLATE utf8mb4_unicode_ci NOT NULL,
  `batch` int(11) NOT NULL
) ENGINE=InnoDB DEFAULT CHARSET=utf8mb4 COLLATE=utf8mb4_unicode_ci;

--
-- Dumping data for table `migrations`
--

INSERT INTO `migrations` (`id`, `migration`, `batch`) VALUES
(19, '2014_10_12_000000_create_users_table', 1),
(20, '2014_10_12_100000_create_password_resets_table', 1),
(21, '2019_08_19_000000_create_failed_jobs_table', 1),
(22, '2021_11_16_063028_create_listings_table', 1),
(23, '2021_11_17_042315_create_listing_facilities_table', 1);

-- --------------------------------------------------------

--
-- Table structure for table `password_resets`
--

CREATE TABLE `password_resets` (
  `email` varchar(255) COLLATE utf8mb4_unicode_ci NOT NULL,
  `token` varchar(255) COLLATE utf8mb4_unicode_ci NOT NULL,
  `created_at` timestamp NULL DEFAULT NULL
) ENGINE=InnoDB DEFAULT CHARSET=utf8mb4 COLLATE=utf8mb4_unicode_ci;

-- --------------------------------------------------------

--
-- Table structure for table `users`
--

CREATE TABLE `users` (
  `id` bigint(20) UNSIGNED NOT NULL,
  `name` varchar(255) COLLATE utf8mb4_unicode_ci NOT NULL,
  `email` varchar(255) COLLATE utf8mb4_unicode_ci NOT NULL,
  `phone_number` varchar(255) COLLATE utf8mb4_unicode_ci NOT NULL,
  `password` varchar(255) COLLATE utf8mb4_unicode_ci NOT NULL,
  `remember_token` varchar(100) COLLATE utf8mb4_unicode_ci DEFAULT NULL,
  `created_at` timestamp NULL DEFAULT NULL,
  `updated_at` timestamp NULL DEFAULT NULL
) ENGINE=InnoDB DEFAULT CHARSET=utf8mb4 COLLATE=utf8mb4_unicode_ci;

--
-- Dumping data for table `users`
--

INSERT INTO `users` (`id`, `name`, `email`, `phone_number`, `password`, `remember_token`, `created_at`, `updated_at`) VALUES
(1, 'admin', 'admin@mail.com', '0812381283712', '$2y$10$s1jsGm2oXEwfGGt3JZ5.cOxW00SbnIjI74.PzuNVQ88tLSzwfLuxu', NULL, NULL, NULL),
(2, 'admin2', 'admin2@mail.com', '08122913928232', '$2y$10$s1jsGm2oXEwfGGt3JZ5.cOxW00SbnIjI74.PzuNVQ88tLSzwfLuxu', '3xadPkD0b7xZM2aaW7Qrs7vM5hbMAhCOsMBaGpTiv0Wnvkk8UWH5JT3m55ML', NULL, NULL),
(3, 'admin3', 'admin3@mail.com', '081232445232211', '$2y$10$s1jsGm2oXEwfGGt3JZ5.cOxW00SbnIjI74.PzuNVQ88tLSzwfLuxu', '', NULL, NULL);

--
-- Indexes for dumped tables
--

--
-- Indexes for table `failed_jobs`
--
ALTER TABLE `failed_jobs`
  ADD PRIMARY KEY (`id`);

--
-- Indexes for table `listings`
--
ALTER TABLE `listings`
  ADD PRIMARY KEY (`id`),
  ADD UNIQUE KEY `listings_id_properti_unique` (`id_properti`),
  ADD KEY `listings_id_admin_foreign` (`id_admin`);

--
-- Indexes for table `listing_facilities`
--
ALTER TABLE `listing_facilities`
  ADD PRIMARY KEY (`id`),
  ADD KEY `listing_facilities_listing_id_foreign` (`listing_id`);

--
-- Indexes for table `migrations`
--
ALTER TABLE `migrations`
  ADD PRIMARY KEY (`id`);

--
-- Indexes for table `password_resets`
--
ALTER TABLE `password_resets`
  ADD KEY `password_resets_email_index` (`email`);

--
-- Indexes for table `users`
--
ALTER TABLE `users`
  ADD PRIMARY KEY (`id`),
  ADD UNIQUE KEY `users_email_unique` (`email`),
  ADD UNIQUE KEY `users_phone_number_unique` (`phone_number`);

--
-- AUTO_INCREMENT for dumped tables
--

--
-- AUTO_INCREMENT for table `failed_jobs`
--
ALTER TABLE `failed_jobs`
  MODIFY `id` bigint(20) UNSIGNED NOT NULL AUTO_INCREMENT;

--
-- AUTO_INCREMENT for table `listings`
--
ALTER TABLE `listings`
  MODIFY `id` bigint(20) UNSIGNED NOT NULL AUTO_INCREMENT, AUTO_INCREMENT=655;

--
-- AUTO_INCREMENT for table `listing_facilities`
--
ALTER TABLE `listing_facilities`
  MODIFY `id` bigint(20) UNSIGNED NOT NULL AUTO_INCREMENT, AUTO_INCREMENT=375;

--
-- AUTO_INCREMENT for table `migrations`
--
ALTER TABLE `migrations`
  MODIFY `id` int(10) UNSIGNED NOT NULL AUTO_INCREMENT, AUTO_INCREMENT=24;

--
-- AUTO_INCREMENT for table `users`
--
ALTER TABLE `users`
  MODIFY `id` bigint(20) UNSIGNED NOT NULL AUTO_INCREMENT, AUTO_INCREMENT=4;

--
-- Constraints for dumped tables
--

--
-- Constraints for table `listings`
--
ALTER TABLE `listings`
  ADD CONSTRAINT `listings_id_admin_foreign` FOREIGN KEY (`id_admin`) REFERENCES `users` (`id`);

--
-- Constraints for table `listing_facilities`
--
ALTER TABLE `listing_facilities`
  ADD CONSTRAINT `listing_facilities_listing_id_foreign` FOREIGN KEY (`listing_id`) REFERENCES `listings` (`id`);
COMMIT;

/*!40101 SET CHARACTER_SET_CLIENT=@OLD_CHARACTER_SET_CLIENT */;
/*!40101 SET CHARACTER_SET_RESULTS=@OLD_CHARACTER_SET_RESULTS */;
/*!40101 SET COLLATION_CONNECTION=@OLD_COLLATION_CONNECTION */;
